,city,state,lat,lon,datapoints,distance,time,speed
0,"Abbotsford, WI",WI,44.950905,-90.30485999999999,1,24.0,39.0,37.0
1,"Abilene, TX",TX,32.40769,-99.72107,6,138.0,172.0,43.0
2,"Abingdon, MD",MD,39.473898999999996,-76.2983,2,6.0,12.0,30.0
3,"Abrams, WI",WI,44.788897999999996,-88.04535,2,21.0,32.0,40.0
4,"Ada, OK",OK,34.772557,-96.661745,2,176.0,225.0,47.0
5,"Adairsville, GA",GA,34.368646999999996,-84.92452,4,172.0,194.0,51.0
6,"Adelanto, CA",CA,34.641695,-117.50803,3,49.0,66.0,38.0
7,"Agawam, MA",MA,42.070609999999995,-72.62029,6,33.0,47.0,35.0
8,"Aiea, HI",HI,21.389167,-157.93091,8,8.0,17.0,27.0
9,"Aiken, SC",SC,33.650812,-81.61561,12,65.0,86.0,42.0
10,"Airway Heights, WA",WA,47.642922,-117.59149,3,106.0,125.0,39.0
11,"Akron, OH",OH,41.128705,-81.53999,38,112.0,132.0,40.0
12,"Albany, NY",NY,42.614852,-73.970812,21,6.0,13.0,23.0
13,"Albert Lea, MN",MN,43.652042,-93.36916,1,32.0,41.0,46.0
14,"Albuquerque, NM",NM,35.044339,-106.672872,67,163.0,180.0,31.0
15,"Allen, KY",KY,37.611434,-82.72503,2,235.0,284.0,50.0
16,"Allentown, PA",PA,40.693376,-75.47115600000001,34,24.0,37.0,34.0
17,"Alpharetta, GA",GA,34.062176,-84.240414,10,147.0,170.0,44.0
18,"Alsip, IL",IL,41.675861,-87.73189,18,125.0,144.0,33.0
19,"Alvin, TX",TX,29.411479999999997,-95.24475,4,26.0,44.0,35.0
20,"Amarillo, TX",TX,35.204652,-101.88353000000001,3,193.0,215.0,39.0
21,"American Fork, UT",UT,40.394234999999995,-111.79449,4,350.0,372.0,52.0
22,"Amesbury, MA",MA,42.854423,-70.93547,4,27.0,40.0,40.0
23,"Anaheim, CA",CA,33.844814,-117.95381,114,15.0,22.0,36.0
24,"Anamosa, IA",IA,42.106972,-91.27531,6,32.0,43.0,45.0
25,"Anchorage, AK",AK,61.108864000000004,-149.440311,9,6.0,11.0,34.0
26,"Anderson, SC",SC,34.478139,-82.6455,8,111.0,152.0,37.0
27,"Andersonville, TN",TN,36.217896,-84.01131,3,161.0,195.0,42.0
28,"Ankeny, IA",IA,41.725288,-93.60475,6,259.0,315.0,39.0
29,"Ann Arbor, MI",MI,42.291637,-83.71831,9,188.0,214.0,47.0
30,"Anoka, MN",MN,45.247509,-93.41799999999999,4,15.0,21.0,41.0
31,"Antioch, TN",TN,36.055115,-86.64782,5,97.0,112.0,39.0
32,"Apex, NC",NC,35.681429,-78.782556,6,54.0,65.0,38.0
33,"Apopka, FL",FL,28.658395000000002,-81.50319,4,31.0,48.0,36.0
34,"Apple Valley, CA",CA,34.538622,-117.17728999999999,3,55.0,70.0,44.0
35,"Arcadia, CA",CA,33.786594,-118.29866200000001,14,21.0,29.0,39.0
36,"Arizona City, AZ",AZ,32.749664,-111.68021999999999,2,204.0,229.0,50.0
37,"Arlington Heights, IL",IL,42.108428,-87.97723,26,120.0,139.0,35.0
38,"Arvada, CO",CO,39.833442,-105.18591,4,18.0,30.0,33.0
39,"Asbury Park, NJ",NJ,40.232713000000004,-74.03143,3,25.0,35.0,36.0
40,"Asheville, NC",NC,35.620335,-82.52855799999999,12,126.0,149.0,45.0
41,"Ashtabula, OH",OH,41.730146000000005,-80.955313,4,192.0,223.0,45.0
42,"Assonet, MA",MA,41.792192,-71.06446,3,21.0,31.0,40.0
43,"Aston, PA",PA,39.864761,-75.4326,4,14.0,24.0,34.0
44,"Atlanta, GA",GA,33.844371,-84.47405,81,90.0,107.0,33.0
45,"Attleboro, MA",MA,41.928098999999996,-71.31456,5,14.0,24.0,34.0
46,"Auburn Hills, MI",MI,42.660090999999994,-83.3863,34,182.0,210.0,43.0
47,"Auburn, NH",NH,43.000345,-71.35141,3,31.0,50.0,35.0
48,"Augusta, GA",GA,33.386041,-82.09099599999999,24,47.0,61.0,35.0
49,"Aumsville, OR",OR,44.838001,-122.8593,2,36.0,49.0,41.0
50,"Aurora, OR",OR,45.234609000000006,-122.79749,4,18.0,28.0,38.0
51,"Austell, GA",GA,33.797456,-84.60621,3,95.0,114.0,37.0
52,"Austin, TX",TX,30.27127,-97.74103000000001,29,40.0,57.0,32.0
53,"Austinburg, OH",OH,41.758952,-80.86289000000001,2,189.0,221.0,47.0
54,"Avenel, NJ",NJ,40.578996000000004,-74.27986999999999,7,14.0,23.0,32.0
55,"Avon Lake, OH",OH,41.501595,-82.0063,3,138.0,164.0,37.0
56,"Ayer, MA",MA,42.549821,-71.59136,5,16.0,26.0,28.0
57,"Bakersfield, CA",CA,35.487491,-119.00896000000002,6,44.0,59.0,27.0
58,"Baldwin Park, CA",CA,34.087108,-117.96966,7,17.0,24.0,37.0
59,"Ball Ground, GA",GA,34.344939000000004,-84.37204,8,160.0,183.0,49.0
60,"Baltimore, MD",MD,39.284707,-76.620489,87,6.0,14.0,26.0
61,"Barnesville, PA",PA,40.811198,-76.06652,2,65.0,98.0,38.0
62,"Baton Rouge, LA",LA,30.412990999999998,-91.171456,30,13.0,20.0,37.0
63,"Bay Saint Louis, MS",MS,30.304327,-89.40705,2,37.0,57.0,39.0
64,"Bayonne, NJ",NJ,40.666552,-74.11768,6,14.0,25.0,31.0
65,"Baytown, TX",TX,29.74877,-94.94389,10,23.0,34.0,41.0
66,"Bear, DE",DE,39.598203000000005,-75.69945,6,10.0,19.0,30.0
67,"Beatrice, NE",NE,40.264193,-96.74604000000001,4,358.0,430.0,35.0
68,"Beattyville, KY",KY,37.578547,-83.70348,2,278.0,328.0,46.0
69,"Beaufort, SC",SC,32.421594,-80.67505,3,45.0,68.0,40.0
70,"Beaverton, OR",OR,45.517695,-122.85826000000002,21,10.0,19.0,27.0
71,"Bedford Park, IL",IL,41.811929,-87.68732,6,123.0,142.0,28.0
72,"Bel Air, MD",MD,39.536057,-76.34957,3,28.0,41.0,41.0
73,"Belchertown, MA",MA,42.278424,-72.411,3,41.0,59.0,35.0
74,"Bell Gardens, CA",CA,33.786594,-118.29866200000001,7,11.0,19.0,33.0
75,"Bellaire, OH",OH,40.01558,-80.76343,2,159.0,190.0,48.0
76,"Belle Chasse, LA",LA,29.822707,-90.00616,3,11.0,19.0,33.0
77,"Belleville, MI",MI,42.239933,-83.150823,4,140.0,164.0,38.0
78,"Bellmawr, NJ",NJ,39.867013,-75.09161999999999,5,9.0,17.0,31.0
79,"Bellport, NY",NY,40.771446999999995,-72.94663,10,20.0,28.0,35.0
80,"Beloit, WI",WI,42.526464000000004,-89.04290999999999,3,283.0,319.0,44.0
81,"Beltsville, MD",MD,39.044509000000005,-76.9133,94,17.0,28.0,34.0
82,"Bend, OR",OR,44.001834,-120.94951999999999,18,96.0,142.0,39.0
83,"Bensalem, PA",PA,40.10386,-74.93734,16,15.0,25.0,31.0
84,"Bensenville, IL",IL,41.956478999999995,-87.95116999999999,66,127.0,146.0,31.0
85,"Berea, OH",OH,41.36995,-81.86259,3,128.0,151.0,33.0
86,"Bergenfield, NJ",NJ,40.923747999999996,-73.99879,14,15.0,24.0,35.0
87,"Berkeley, CA",CA,37.862526,-122.27582,21,13.0,22.0,34.0
88,"Bernville, PA",PA,40.453886,-76.12911,3,31.0,48.0,37.0
89,"Berthoud, CO",CO,40.294422999999995,-105.08431000000002,1,8.0,18.0,28.0
90,"Bethlehem, PA",PA,40.693376,-75.47115600000001,12,22.0,37.0,30.0
91,"Biddeford, ME",ME,43.45813,-70.505301,4,25.0,33.0,45.0
92,"Big Rapids, MI",MI,43.697651,-85.47815,2,360.0,408.0,48.0
93,"Billings, MT",MT,45.978288,-108.19450800000001,15,284.0,303.0,35.0
94,"Bingen, WA",WA,45.719294,-121.47838,2,45.0,62.0,43.0
95,"Birdsboro, PA",PA,40.267165000000006,-75.8254,3,24.0,43.0,34.0
96,"Birmingham, AL",AL,33.544622,-86.929208,16,85.0,97.0,39.0
97,"Bismarck, ND",ND,46.980475,-100.52006300000001,6,22.0,31.0,32.0
98,"Blacklick, OH",OH,39.998073,-82.8052,3,136.0,162.0,34.0
99,"Blackwood, NJ",NJ,39.784614000000005,-75.05678,11,17.0,27.0,37.0
100,"Bloomfield Hills, MI",MI,42.586677,-83.22955999999999,8,157.0,181.0,44.0
101,"Bloomington, IL",IL,40.519236,-88.864303,9,255.0,301.0,38.0
102,"Blue Island, IL",IL,41.656591999999996,-87.68154,2,2.0,4.0,22.0
103,"Boca Raton, FL",FL,26.645895,-80.430269,12,16.0,24.0,36.0
104,"Boerne, TX",TX,29.743603000000004,-98.64854,9,81.0,101.0,48.0
105,"Bohemia, NY",NY,40.770042,-73.11376,25,15.0,22.0,31.0
106,"Boise, ID",ID,43.459855,-116.24398400000001,41,140.0,160.0,33.0
107,"Bolivar, MO",MO,37.616822,-93.40071999999999,3,170.0,211.0,44.0
108,"Boonton, NJ",NJ,40.912797999999995,-74.41516,10,21.0,31.0,36.0
109,"Bossier City, LA",LA,32.62762,-93.608968,12,15.0,24.0,36.0
110,"Boston, MA",MA,42.365028,-71.05636,9,5.0,12.0,24.0
111,"Bothell, WA",WA,47.790653000000006,-122.22021000000001,4,19.0,32.0,33.0
112,"Boulder, CO",CO,40.087835,-105.373507,2,27.0,40.0,42.0
113,"Bowie, MD",MD,38.833563,-76.87774300000001,2,5.0,10.0,30.0
114,"Bowling Green, KY",KY,36.930527000000005,-86.44751,2,257.0,282.0,42.0
115,"Boyertown, PA",PA,40.338497,-75.6632,8,27.0,47.0,35.0
116,"Boynton Beach, FL",FL,26.522249,-80.15031,10,16.0,25.0,35.0
117,"Bozeman, MT",MT,45.627982,-110.90128,3,268.0,299.0,44.0
118,"Bozrah, CT",CT,41.543559,-72.17684,2,25.0,41.0,33.0
119,"Bradenton, FL",FL,27.488865999999998,-82.62737,6,22.0,38.0,32.0
120,"Braintree, MA",MA,42.180048,-71.08923,10,7.0,14.0,26.0
121,"Braselton, GA",GA,34.121974,-83.78604,6,136.0,171.0,47.0
122,"Brea, CA",CA,33.918965,-117.83252,28,17.0,26.0,36.0
123,"Brecksville, OH",OH,41.307688,-81.61835,4,107.0,125.0,45.0
124,"Brevard, NC",NC,35.188077,-82.75799,3,124.0,161.0,41.0
125,"Bridgeport, CT",CT,41.188746,-73.1813,78,24.0,39.0,33.0
126,"Bridgeview, IL",IL,41.742432,-87.80678,12,125.0,143.0,34.0
127,"Brockton, MA",MA,41.970473999999996,-70.701357,9,14.0,23.0,32.0
128,"Broken Arrow, OK",OK,35.992283,-95.80542,12,129.0,154.0,40.0
129,"Bronx, NY",NY,40.89095,-73.84702,109,12.0,21.0,34.0
130,"Brooklyn, NY",NY,40.627946,-73.94552,348,8.0,16.0,28.0
131,"Brookshire, TX",TX,29.80038,-95.98451999999999,4,42.0,59.0,42.0
132,"Broomfield, CO",CO,39.881608,-105.09953,6,23.0,35.0,39.0
133,"Brownwood, TX",TX,31.73003,-99.00605,2,187.0,234.0,49.0
134,"Brunswick, GA",GA,31.260995,-81.49831999999999,4,11.0,21.0,30.0
135,"Buda, TX",TX,30.07703,-97.8178,3,67.0,91.0,43.0
136,"Buffalo Grove, IL",IL,42.167638000000004,-87.96393,20,122.0,145.0,34.0
137,"Buford, GA",GA,34.089419,-83.94700999999999,14,149.0,171.0,46.0
138,"Burbank, CA",CA,33.786594,-118.29866200000001,21,16.0,24.0,33.0
139,"Burgettstown, PA",PA,40.383884,-80.41364,3,102.0,128.0,39.0
140,"Burnsville, MN",MN,44.732569,-93.28909,7,11.0,17.0,39.0
141,"Byhalia, MS",MS,34.862415999999996,-89.68014000000001,3,141.0,167.0,39.0
142,"Byron Center, MI",MI,42.802932,-85.72542,15,228.0,257.0,43.0
143,"Calexico, CA",CA,33.026203,-115.284581,2,62.0,73.0,33.0
144,"Camarillo, CA",CA,34.032383,-119.1343,21,20.0,29.0,37.0
145,"Camas, WA",WA,45.609159999999996,-122.40547,3,14.0,24.0,35.0
146,"Cambridge, MA",MA,42.364346999999995,-71.10431,5,6.0,12.0,26.0
147,"Canal Winchester, OH",OH,39.854413,-82.80872,6,141.0,169.0,38.0
148,"Canby, OR",OR,45.247004,-122.68208,4,20.0,33.0,34.0
149,"Canoga Park, CA",CA,33.786594,-118.29866200000001,12,21.0,31.0,36.0
150,"Canonsburg, PA",PA,40.268190000000004,-80.16221999999999,3,92.0,113.0,40.0
151,"Canton, OH",OH,40.776858000000004,-81.40593,27,121.0,146.0,38.0
152,"Cape Coral, FL",FL,26.659941999999997,-81.893427,6,73.0,98.0,42.0
153,"Capitol Heights, MD",MD,38.833563,-76.87774300000001,47,18.0,28.0,36.0
154,"Carlsbad, CA",CA,33.198032,-117.234701,6,23.0,34.0,35.0
155,"Carlstadt, NJ",NJ,40.836555,-74.08466,61,13.0,21.0,34.0
156,"Carmel, IN",IN,40.072462,-86.052285,7,198.0,234.0,40.0
157,"Carnesville, GA",GA,34.360544,-83.28544000000001,2,135.0,169.0,45.0
158,"Carol Stream, IL",IL,41.839679,-88.088716,44,126.0,149.0,33.0
159,"Carrollton, TX",TX,33.030556,-96.89328,4,60.0,69.0,34.0
160,"Carson City, NV",NV,39.167833,-119.77640900000002,18,91.0,122.0,42.0
161,"Cartersville, GA",GA,34.200264000000004,-84.77533000000001,12,154.0,178.0,45.0
162,"Cary, IL",IL,42.217523,-88.24338,5,162.0,188.0,33.0
163,"Casa Grande, AZ",AZ,32.742948999999996,-111.78945,6,196.0,220.0,49.0
164,"Casper, WY",WY,42.966192,-106.807047,4,57.0,92.0,34.0
165,"Casselberry, FL",FL,28.653875,-81.34387,4,25.0,38.0,35.0
166,"Cave Creek, AZ",AZ,33.276539,-112.18717,3,149.0,177.0,44.0
167,"Cayce, SC",SC,33.964753,-81.06618,6,37.0,46.0,35.0
168,"Cedar City, UT",UT,37.75164,-113.16557,4,312.0,336.0,56.0
169,"Cedar Grove, NJ",NJ,40.855854,-74.22898,16,13.0,23.0,30.0
170,"Cedar Knolls, NJ",NJ,40.821149,-74.45121,5,11.0,18.0,33.0
171,"Cedar Rapids, IA",IA,41.97545,-91.65912,43,277.0,326.0,37.0
172,"Center Line, MI",MI,42.479137,-83.02449,4,146.0,170.0,36.0
173,"Centerbrook, CT",CT,41.353453,-72.41604,2,5.0,10.0,32.0
174,"Central Islip, NY",NY,40.784874,-73.19924,5,14.0,20.0,35.0
175,"Cerritos, CA",CA,33.868314,-118.06754,21,12.0,19.0,33.0
176,"Chagrin Falls, OH",OH,41.43932,-81.39232,10,122.0,149.0,38.0
177,"Champaign, IL",IL,40.114931,-88.24322,9,263.0,303.0,43.0
178,"Chandler, AZ",AZ,33.316349,-111.83063999999999,27,131.0,151.0,43.0
179,"Channahon, IL",IL,41.439518,-88.20898000000001,3,247.0,280.0,38.0
180,"Channelview, TX",TX,29.786656,-95.12214,5,16.0,25.0,36.0
181,"Charlotte, NC",NC,35.248292,-80.82748000000001,169,71.0,89.0,33.0
182,"Chaska, MN",MN,44.809954,-93.6105,4,13.0,23.0,32.0
183,"Chattanooga, TN",TN,35.000825,-85.28673,36,125.0,143.0,34.0
184,"Chehalis, WA",WA,46.630721,-123.01598999999999,2,22.0,29.0,35.0
185,"Chelmsford, MA",MA,42.595490999999996,-71.3544,22,18.0,29.0,33.0
186,"Cheraw, SC",SC,34.68862,-79.92315,2,82.0,106.0,44.0
187,"Cherry Hill, NJ",NJ,39.879713,-74.9719,5,14.0,22.0,34.0
188,"Chesapeake, VA",VA,36.7085,-76.278531,36,15.0,25.0,29.0
189,"Cheshire, CT",CT,41.507049,-72.90489000000001,14,37.0,56.0,37.0
190,"Cheswick, PA",PA,40.569722999999996,-79.83242,3,97.0,120.0,40.0
191,"Cheyenne, WY",WY,41.275932,-104.88278999999999,4,57.0,63.0,54.0
192,"Chicago Ridge, IL",IL,41.702482,-87.77869,5,149.0,171.0,34.0
193,"Chicago, IL",IL,41.901485,-87.74055,277,123.0,140.0,33.0
194,"Chicopee, MA",MA,42.170730999999996,-72.604842,3,37.0,52.0,37.0
195,"Chillicothe, OH",OH,39.330459999999995,-82.97228,2,219.0,249.0,26.0
196,"Chilton, WI",WI,44.033215000000006,-88.17626,3,309.0,362.0,41.0
197,"Chino, CA",CA,34.015963,-117.68737,72,22.0,31.0,39.0
198,"Chula Vista, CA",CA,32.638653999999995,-117.06686,12,8.0,12.0,32.0
199,"Churubusco, IN",IN,41.238825,-85.32693,3,207.0,238.0,47.0
200,"Cincinnati, OH",OH,39.166759000000006,-84.53822,54,187.0,218.0,35.0
201,"City Of Industry, CA",CA,33.786594,-118.29866200000001,21,18.0,27.0,35.0
202,"Clackamas, OR",OR,45.416785,-122.52859,15,11.0,19.0,30.0
203,"Clarksville, TN",TN,36.477428,-87.377197,2,258.0,289.0,47.0
204,"Claymont, DE",DE,39.800945,-75.46455,4,11.0,18.0,38.0
205,"Clearfield, PA",PA,41.026239000000004,-78.43838000000001,2,130.0,170.0,46.0
206,"Clearwater, FL",FL,27.944631,-82.78702,12,16.0,28.0,33.0
207,"Clemmons, NC",NC,36.027101,-80.39312,3,85.0,111.0,39.0
208,"Cleveland, OH",OH,41.473451000000004,-81.7358,39,129.0,152.0,35.0
209,"Clinton Township, MI",MI,42.587117,-82.89837,3,191.0,222.0,39.0
210,"Clive, IA",IA,41.60787,-93.78093,3,251.0,305.0,32.0
211,"Cocoa, FL",FL,28.47123,-80.79887,3,26.0,36.0,43.0
212,"Colchester, VT",VT,44.49518,-73.165092,3,55.0,86.0,28.0
213,"College Park, MD",MD,38.99756,-76.92577,14,18.0,32.0,30.0
214,"College Point, NY",NY,40.785462,-73.84366,14,10.0,19.0,30.0
215,"College Station, TX",TX,30.65212,-96.341012,3,40.0,49.0,42.0
216,"Colorado Springs, CO",CO,38.824690000000004,-104.562027,14,39.0,54.0,36.0
217,"Columbia City, IN",IN,41.166034,-85.48313,3,204.0,236.0,48.0
218,"Columbia, TN",TN,35.619784,-87.03565,4,229.0,255.0,53.0
219,"Columbus, GA",GA,32.468441999999996,-84.95128000000001,33,65.0,85.0,33.0
220,"Comfort, TX",TX,29.972472999999997,-98.91084000000001,2,123.0,150.0,50.0
221,"Commerce City, CO",CO,39.836586,-104.9039,10,10.0,20.0,26.0
222,"Commerce Township, MI",MI,42.593035,-83.48997,12,153.0,176.0,43.0
223,"Compton, CA",CA,33.890566,-118.23666000000001,10,13.0,21.0,34.0
224,"Comstock Park, MI",MI,43.059661,-85.67384,7,202.0,232.0,44.0
225,"Concord, NC",NC,35.346284999999995,-80.541088,12,83.0,107.0,42.0
226,"Conover, NC",NC,35.720227,-81.21466,2,141.0,178.0,44.0
227,"Conroe, TX",TX,30.331459999999996,-95.50703,12,35.0,44.0,47.0
228,"Conway, SC",SC,33.801049,-79.1148,6,61.0,76.0,45.0
229,"Conyers, GA",GA,33.696714,-84.01732,9,96.0,116.0,45.0
230,"Coram, NY",NY,40.884895,-73.00501,5,23.0,32.0,37.0
231,"Cordele, GA",GA,31.917178000000003,-83.785365,2,103.0,128.0,46.0
232,"Cornelia, GA",GA,34.514215,-83.54118000000001,2,163.0,194.0,49.0
233,"Corona, CA",CA,33.903803,-117.60221000000001,33,15.0,22.0,33.0
234,"Corpus Christi, TX",TX,27.776999999999997,-97.463213,37,6.0,10.0,32.0
235,"Costa Mesa, CA",CA,33.677224,-117.90863,9,15.0,23.0,37.0
236,"Cotati, CA",CA,38.328614,-122.71043999999999,3,32.0,45.0,42.0
237,"Council Bluffs, IA",IA,41.251631,-95.87447,3,249.0,304.0,28.0
238,"Cranberry, PA",PA,41.321298,-79.6478,3,99.0,122.0,38.0
239,"Cranbury, NJ",NJ,40.430006,-74.417344,12,24.0,37.0,36.0
240,"Cranston, RI",RI,41.7715,-71.46485,8,15.0,26.0,33.0
241,"Crossville, TN",TN,35.929314,-85.05926,2,249.0,288.0,50.0
242,"Croswell, MI",MI,43.263998,-82.64573,2,313.0,364.0,42.0
243,"Crown Point, IN",IN,41.418873,-87.34298000000001,10,349.0,392.0,44.0
244,"Crystal Lake, IL",IL,42.265643,-88.31664,10,162.0,189.0,34.0
245,"Cumming, GA",GA,34.201503,-84.09764,10,149.0,174.0,44.0
246,"Cypress, TX",TX,29.884175,-95.72219,9,27.0,39.0,41.0
247,"Dallas, TX",TX,32.767268,-96.777626,278,56.0,66.0,39.0
248,"Danbury, CT",CT,41.391956,-73.475844,10,23.0,32.0,35.0
249,"Davenport, IA",IA,41.613034000000006,-90.606284,3,288.0,333.0,43.0
250,"Dawsonville, GA",GA,34.416521,-84.10849,4,166.0,193.0,47.0
251,"Dayton, OH",OH,39.716161,-84.2734,61,177.0,204.0,39.0
252,"Daytona Beach, FL",FL,29.022729,-81.172169,6,38.0,48.0,41.0
253,"De Forest, WI",WI,43.240097999999996,-89.33659,3,288.0,323.0,33.0
254,"De Pere, WI",WI,44.42042,-88.07896,3,14.0,22.0,32.0
255,"Dearborn, MI",MI,42.239933,-83.150823,20,138.0,160.0,36.0
256,"Decherd, TN",TN,35.234156,-86.0324,2,205.0,235.0,41.0
257,"Deerfield Beach, FL",FL,26.309657,-80.09541,34,14.0,22.0,34.0
258,"Delray Beach, FL",FL,26.452472999999998,-80.16509,17,17.0,25.0,38.0
259,"Demopolis, AL",AL,32.495484000000005,-87.84521,2,86.0,108.0,48.0
260,"Dennis Port, MA",MA,41.661115,-70.13348,4,34.0,184.0,27.0
261,"Denver, CO",CO,39.648328,-105.08431000000002,104,13.0,23.0,28.0
262,"Derry, NH",NH,42.886486,-71.30019,3,23.0,43.0,30.0
263,"Des Moines, IA",IA,41.672686999999996,-93.57217299999999,48,254.0,310.0,33.0
264,"Des Plaines, IL",IL,42.047178,-87.89058,11,139.0,160.0,34.0
265,"Detroit Lakes, MN",MN,46.933961,-95.678375,1,29.0,45.0,39.0
266,"Detroit, MI",MI,42.378287,-82.95243,32,140.0,162.0,34.0
267,"Dodge City, KS",KS,37.755266999999996,-100.02632,4,326.0,392.0,34.0
268,"Dolton, IL",IL,41.626839000000004,-87.59865,6,127.0,146.0,38.0
269,"Douglasville, GA",GA,33.701553999999994,-84.73756,6,97.0,115.0,37.0
270,"Dover, DE",DE,39.16426,-75.51163000000001,2,33.0,44.0,44.0
271,"Downers Grove, IL",IL,41.761463,-88.01334,10,154.0,181.0,33.0
272,"Downey, CA",CA,33.958363,-118.11986999999999,7,13.0,20.0,37.0
273,"Downing, WI",WI,45.086186,-92.12453000000001,1,42.0,66.0,39.0
274,"Du Bois, PA",PA,41.125563,-78.74648,6,148.0,191.0,46.0
275,"Dubuque, IA",IA,42.50963,-90.75329,6,5.0,8.0,30.0
276,"Duluth, MN",MN,46.972432,-92.10105,4,7.0,13.0,30.0
277,"Duncan, SC",SC,34.888237,-81.96902,19,66.0,82.0,33.0
278,"Dundalk, MD",MD,39.263162,-76.5082,6,10.0,19.0,24.0
279,"Dundee, IL",IL,42.101502,-88.28891,5,158.0,181.0,37.0
280,"Durham, NC",NC,36.015992,-78.95911,9,63.0,77.0,43.0
281,"Earth City, MO",MO,38.638318,-90.42711800000001,16,188.0,223.0,38.0
282,"East Brunswick, NJ",NJ,40.434239,-74.40504,12,16.0,27.0,33.0
283,"East Chicago, IN",IN,41.639734999999995,-87.46084,9,235.0,263.0,35.0
284,"East Hanover, NJ",NJ,40.820012,-74.36474,16,17.0,26.0,37.0
285,"East Hartford, CT",CT,41.791776,-72.71883199999999,6,33.0,48.0,34.0
286,"East Longmeadow, MA",MA,42.066795,-72.5102,6,36.0,59.0,34.0
287,"East Point, GA",GA,33.696073,-84.450276,21,84.0,98.0,30.0
288,"East Providence, RI",RI,41.8124,-71.36834,25,13.0,23.0,33.0
289,"East Rockaway, NY",NY,40.639575,-73.66703000000001,5,19.0,31.0,39.0
290,"East Rutherford, NJ",NJ,40.830158000000004,-74.09707,7,12.0,23.0,29.0
291,"East Setauket, NY",NY,40.932053,-73.10665999999999,5,20.0,30.0,36.0
292,"East Sparta, OH",OH,40.695377,-81.38101999999999,3,121.0,157.0,41.0
293,"East Stroudsburg, PA",PA,41.052199,-75.15935999999999,5,49.0,69.0,42.0
294,"East Syracuse, NY",NY,43.074265999999994,-76.05538,15,52.0,65.0,36.0
295,"East Taunton, MA",MA,41.876249,-71.01827,1,9.0,19.0,29.0
296,"East Troy, WI",WI,42.797775,-88.40435,3,284.0,323.0,46.0
297,"Easton, PA",PA,40.681531,-75.26722,3,27.0,44.0,36.0
298,"Eatontown, NJ",NJ,40.301978999999996,-74.06889,10,25.0,35.0,39.0
299,"Eau Claire, WI",WI,44.780427,-91.48065,5,15.0,23.0,39.0
300,"Eden Prairie, MN",MN,44.831413,-93.46030999999999,6,11.0,19.0,35.0
301,"Eden Valley, MN",MN,45.321197,-94.56778,1,32.0,48.0,40.0
302,"Edgefield, SC",SC,33.819096,-81.95036,6,71.0,96.0,41.0
303,"Edison, NJ",NJ,40.516104,-74.39754,37,13.0,23.0,30.0
304,"Edmond, OK",OK,35.623805,-97.47909,18,147.0,165.0,44.0
305,"Edmore, MI",MI,43.404412,-85.03033,2,333.0,384.0,42.0
306,"Eighty Four, PA",PA,40.178678999999995,-80.10014,3,94.0,117.0,40.0
307,"El Cajon, CA",CA,33.016928,-116.846046,15,23.0,32.0,42.0
308,"El Dorado, AR",AR,33.218456,-92.64911,2,84.0,117.0,44.0
309,"El Mirage, AZ",AZ,33.596823,-112.32364,3,130.0,152.0,42.0
310,"El Monte, CA",CA,33.786594,-118.29866200000001,7,19.0,28.0,37.0
311,"El Paso, TX",TX,31.694841999999998,-106.29998700000002,21,236.0,253.0,38.0
312,"Elberton, GA",GA,34.119972,-82.825,4,115.0,136.0,50.0
313,"Elburn, IL",IL,41.876506,-88.46429,4,193.0,224.0,31.0
314,"Elk Grove Village, IL",IL,42.005978000000006,-87.99847,60,128.0,147.0,34.0
315,"Elk Grove, CA",CA,38.421068,-121.36058999999999,3,46.0,62.0,42.0
316,"Elk River, MN",MN,45.317152,-93.58117,3,9.0,13.0,31.0
317,"Elkhorn, WI",WI,42.711104999999996,-88.54214,4,410.0,460.0,49.0
318,"Elko, NV",NV,40.81488,-115.79241,4,185.0,223.0,31.0
319,"Ellijay, GA",GA,34.688716,-84.46715999999999,2,197.0,234.0,47.0
320,"Ellisville, MS",MS,31.588327000000003,-89.21431,1,44.0,57.0,47.0
321,"Elmhurst, IL",IL,41.89103,-87.94181,10,80.0,94.0,32.0
322,"Elmsford, NY",NY,41.057089000000005,-73.81658,7,19.0,28.0,37.0
323,"Elwood, KS",KS,39.756944,-94.87824,2,308.0,384.0,34.0
324,"Elyria, OH",OH,41.369846,-82.10874,12,139.0,161.0,43.0
325,"Emmaus, PA",PA,40.533597,-75.49821999999999,4,28.0,44.0,36.0
326,"Englishtown, NJ",NJ,40.294244,-74.34213000000001,3,26.0,41.0,37.0
327,"Erie, PA",PA,42.127807000000004,-80.06351,33,125.0,146.0,34.0
328,"Erlanger, KY",KY,39.013754999999996,-84.60229,21,179.0,213.0,33.0
329,"Escondido, CA",CA,33.181543,-117.11136,4,32.0,44.0,42.0
330,"Essex Junction, VT",VT,44.501991,-73.09376,1,5.0,19.0,15.0
331,"Estherville, IA",IA,43.401328,-94.81524,1,18.0,33.0,33.0
332,"Etowah, NC",NC,35.311112,-82.60288,3,118.0,142.0,43.0
333,"Etters, PA",PA,40.157382,-76.7872,3,37.0,53.0,39.0
334,"Eudora, KS",KS,38.917032,-95.06455,2,310.0,369.0,44.0
335,"Eugene, OR",OR,44.06092,-123.08275,36,40.0,64.0,28.0
336,"Everett, WA",WA,47.859918,-122.28478500000001,17,11.0,21.0,30.0
337,"Export, PA",PA,40.430632,-79.61837,4,121.0,146.0,42.0
338,"Exton, PA",PA,40.040504999999996,-75.63425,5,26.0,43.0,35.0
339,"Fair Lawn, NJ",NJ,40.933943,-74.11671,24,19.0,28.0,36.0
340,"Fairbanks, AK",AK,64.82644499999999,-147.38884,3,241.0,294.0,42.0
341,"Fairborn, OH",OH,39.808909,-84.01971999999999,6,182.0,211.0,44.0
342,"Fairdale, KY",KY,38.106134999999995,-85.75362,6,193.0,216.0,35.0
343,"Fairmount, GA",GA,34.434629,-84.70133,2,172.0,199.0,49.0
344,"Fallon, NV",NV,39.525628000000005,-118.842431,2,156.0,184.0,51.0
345,"Fargo, ND",ND,46.82352,-96.8148,22,6.0,13.0,25.0
346,"Farmersville, CA",CA,36.300574,-119.20551999999999,2,112.0,136.0,49.0
347,"Federal Way, WA",WA,47.311040999999996,-122.11379099999999,20,9.0,16.0,34.0
348,"Federalsburg, MD",MD,38.705731,-75.77488000000001,3,40.0,63.0,36.0
349,"Feeding Hills, MA",MA,42.070774,-72.67248000000001,3,33.0,48.0,35.0
350,"Fenton, MO",MO,38.638318,-90.42711800000001,39,199.0,237.0,41.0
351,"Fishers, IN",IN,39.95645,-86.00872,6,224.0,262.0,42.0
352,"Fitchburg, MA",MA,42.578689000000004,-71.80338,7,16.0,27.0,26.0
353,"Flagstaff, AZ",AZ,35.279872,-111.72256000000002,6,213.0,236.0,46.0
354,"Flint, MI",MI,43.011227000000005,-83.69291,15,197.0,224.0,37.0
355,"Flomaton, AL",AL,31.023139,-87.23957,2,56.0,75.0,44.0
356,"Florissant, MO",MO,38.79505,-90.28578,3,198.0,234.0,40.0
357,"Flowery Branch, GA",GA,34.188280999999996,-83.91813,2,156.0,176.0,50.0
358,"Flushing, NY",NY,40.728614,-73.82145,21,7.0,15.0,28.0
359,"Folcroft, PA",PA,39.893212,-75.28088000000001,6,11.0,21.0,31.0
360,"Fontana, CA",CA,34.839964,-115.967051,10,17.0,23.0,34.0
361,"Foothill Ranch, CA",CA,33.685479,-117.6669,5,24.0,35.0,40.0
362,"Forest Lake, MN",MN,45.272117,-92.9911,2,23.0,33.0,42.0
363,"Forest Park, GA",GA,33.500696999999995,-84.35127299999999,12,82.0,96.0,33.0
364,"Fort Collins, CO",CO,40.532354,-105.0535,6,18.0,25.0,43.0
365,"Fort Lauderdale, FL",FL,26.094385,-80.15422,82,10.0,19.0,28.0
366,"Fort Mill, SC",SC,35.040969,-80.99427,3,68.0,82.0,35.0
367,"Fort Morgan, CO",CO,40.226357,-103.80625,1,9.0,12.0,47.0
368,"Fort Myers, FL",FL,26.552895,-81.94861,42,67.0,88.0,42.0
369,"Fort Smith, AR",AR,35.357040999999995,-94.36914,18,91.0,126.0,33.0
370,"Fort Walton Beach, FL",FL,30.414932,-86.61992,3,39.0,67.0,33.0
371,"Fort Wayne, IN",IN,41.150677,-85.12181,63,184.0,214.0,38.0
372,"Fort Worth, TX",TX,32.738481,-97.38424,37,83.0,94.0,43.0
373,"Fountain Hills, AZ",AZ,33.604811,-111.72851999999999,3,145.0,168.0,46.0
374,"Fountain Inn, SC",SC,34.681278999999996,-82.19731999999999,9,73.0,89.0,42.0
375,"Fountain Valley, CA",CA,33.708618,-117.95629,5,12.0,19.0,38.0
376,"Fowler, CA",CA,36.6265,-119.67526000000001,3,68.0,86.0,39.0
377,"Framingham, MA",MA,42.446396,-71.459405,14,15.0,25.0,31.0
378,"Franksville, WI",WI,42.778642,-87.96609000000001,3,270.0,306.0,43.0
379,"Fraser, MI",MI,42.536402,-82.95044,6,190.0,222.0,37.0
380,"Frederick, MD",MD,39.469961,-77.392139,20,26.0,37.0,36.0
381,"Freehold, NJ",NJ,40.241036,-74.27629,3,29.0,44.0,38.0
382,"Fresno, CA",CA,36.746375,-119.63965800000001,24,61.0,78.0,36.0
383,"Friendswood, TX",TX,29.516872999999997,-95.19471999999999,12,13.0,24.0,32.0
384,"Fullerton, CA",CA,33.640302,-117.769442,14,14.0,22.0,34.0
385,"Fuquay Varina, NC",NC,35.575302,-78.80234,3,56.0,69.0,44.0
386,"Gainesville, FL",FL,29.676006,-82.36889000000001,3,41.0,57.0,37.0
387,"Gaithersburg, MD",MD,39.143978999999995,-77.207617,58,25.0,41.0,34.0
388,"Galion, OH",OH,40.720869,-82.79700000000001,2,222.0,260.0,42.0
389,"Gallaway, TN",TN,35.320487,-89.6215,3,152.0,179.0,46.0
390,"Garden Grove, CA",CA,33.785166,-117.93406,19,14.0,22.0,37.0
391,"Gardena, CA",CA,33.891265000000004,-118.2975,25,14.0,22.0,38.0
392,"Garland, TX",TX,32.767268,-96.777626,50,59.0,71.0,40.0
393,"Garner, NC",NC,35.679194,-78.60246,3,54.0,67.0,42.0
394,"Gary, IN",IN,41.601085999999995,-87.33681,6,236.0,264.0,41.0
395,"Gastonia, NC",NC,35.284017999999996,-81.189693,15,86.0,109.0,40.0
396,"Geismar, LA",LA,30.211171999999998,-91.00875,3,29.0,37.0,46.0
397,"Georgiana, AL",AL,31.655458000000003,-86.76737,2,85.0,94.0,54.0
398,"Gibsonia, PA",PA,40.631011,-79.95766,3,97.0,122.0,38.0
399,"Gibsonville, NC",NC,36.125747,-79.56352,3,80.0,106.0,43.0
400,"Gilbert, AZ",AZ,33.276539,-112.18717,21,133.0,153.0,42.0
401,"Gilberts, IL",IL,42.099478999999995,-88.36941999999999,5,162.0,185.0,39.0
402,"Gillette, WY",WY,43.939968,-105.52445,3,113.0,120.0,57.0
403,"Glassboro, NJ",NJ,39.700008000000004,-75.11950999999999,4,24.0,36.0,40.0
404,"Glassport, PA",PA,40.326919000000004,-79.88869,3,92.0,116.0,38.0
405,"Glen Burnie, MD",MD,39.164158,-76.6306,10,7.0,16.0,26.0
406,"Glen Ellyn, IL",IL,41.869779,-88.06285,12,130.0,151.0,35.0
407,"Glen Mills, PA",PA,39.897677,-75.50109,4,15.0,25.0,34.0
408,"Glendale Heights, IL",IL,41.920228,-88.07891,30,131.0,154.0,34.0
409,"Glenview, IL",IL,42.07672,-87.81922,16,145.0,168.0,35.0
410,"Globe, AZ",AZ,33.53457,-110.75681000000002,2,249.0,287.0,49.0
411,"Gloucester, MA",MA,42.624015,-70.67551999999999,14,21.0,35.0,33.0
412,"Goffstown, NH",NH,43.037495,-71.57023000000001,3,29.0,47.0,34.0
413,"Gold Bar, WA",WA,47.851713000000004,-121.66644,3,38.0,59.0,38.0
414,"Golden, CO",CO,39.522014,-105.223945,8,24.0,38.0,37.0
415,"Goldston, NC",NC,35.564257,-79.35011,2,73.0,94.0,41.0
416,"Goleta, CA",CA,34.443746000000004,-119.94215,3,74.0,96.0,35.0
417,"Gonzales, LA",LA,30.204707,-90.86948100000001,6,29.0,38.0,45.0
418,"Goodlettsville, TN",TN,36.35465,-86.71879,3,167.0,187.0,48.0
419,"Goodyear, AZ",AZ,33.430921999999995,-112.38481999999999,6,126.0,145.0,44.0
420,"Goose Creek, SC",SC,32.991184999999994,-80.02346999999999,6,13.0,26.0,30.0
421,"Gordonsville, TN",TN,36.182334000000004,-85.9832,2,270.0,308.0,52.0
422,"Grain Valley, MO",MO,39.012404,-94.21155999999999,4,289.0,364.0,45.0
423,"Grand Blanc, MI",MI,42.925677,-83.63585,3,199.0,228.0,39.0
424,"Grand Haven, MI",MI,43.04117,-86.19013000000001,6,238.0,274.0,44.0
425,"Grand Junction, CO",CO,39.112514000000004,-108.60506000000001,9,315.0,344.0,42.0
426,"Grand Prairie, TX",TX,32.759921999999996,-97.01216,16,63.0,73.0,42.0
427,"Grandville, MI",MI,42.891709000000006,-85.76465999999999,10,206.0,238.0,40.0
428,"Granite City, IL",IL,38.720938000000004,-90.11431,15,199.0,236.0,34.0
429,"Grant, MI",MI,43.34022,-85.82566,3,238.0,277.0,42.0
430,"Grawn, MI",MI,44.647715999999996,-85.70649,6,283.0,336.0,41.0
431,"Grayslake, IL",IL,42.338955,-88.03433000000001,5,163.0,186.0,38.0
432,"Great Falls, MT",MT,47.514307,-111.34499,3,244.0,274.0,38.0
433,"Greeley, CO",CO,40.500919,-104.31497,2,21.0,36.0,35.0
434,"Green Bay, WI",WI,44.505782,-87.97946999999999,9,10.0,20.0,27.0
435,"Green Cove Springs, FL",FL,29.972890000000003,-81.72195,4,27.0,46.0,35.0
436,"Greeneville, TN",TN,36.102325,-82.85446,4,200.0,241.0,47.0
437,"Greenfield, MA",MA,42.522178000000004,-72.62416400000001,2,76.0,94.0,48.0
438,"Greensburg, PA",PA,40.360223,-79.439801,8,115.0,146.0,41.0
439,"Greenville, SC",SC,34.825592,-82.34099,93,73.0,90.0,33.0
440,"Greenwich, CT",CT,41.308873,-73.363661,6,17.0,27.0,34.0
441,"Gresham, OR",OR,45.507752,-122.4323,12,11.0,19.0,32.0
442,"Griffith, IN",IN,41.527235,-87.42458,9,241.0,273.0,43.0
443,"Groveport, OH",OH,39.969035999999996,-83.01138900000001,12,153.0,180.0,37.0
444,"Gulfport, MS",MS,30.397044,-89.03998,7,24.0,33.0,29.0
445,"Gurnee, IL",IL,42.375821,-87.93517,25,164.0,187.0,42.0
446,"Hackettstown, NJ",NJ,40.861748,-74.83054,11,22.0,31.0,36.0
447,"Hagerstown, MD",MD,39.520696,-77.916196,4,41.0,53.0,38.0
448,"Hainesport, NJ",NJ,39.985662,-74.83044,4,20.0,32.0,36.0
449,"Hallandale, FL",FL,25.987069,-80.15004,6,9.0,16.0,30.0
450,"Haltom City, TX",TX,32.805378999999995,-97.27036,4,69.0,79.0,45.0
451,"Hamden, CT",CT,41.413114,-72.90409,15,23.0,35.0,34.0
452,"Hamel, IL",IL,38.889879,-89.84638000000001,3,219.0,263.0,42.0
453,"Hammond, IN",IN,41.634384999999995,-87.50910999999999,19,225.0,254.0,36.0
454,"Hamtramck, MI",MI,42.410037,-83.05826,4,140.0,162.0,31.0
455,"Hanford, CA",CA,36.327063,-119.6451,2,108.0,130.0,37.0
456,"Hanover Park, IL",IL,41.980896,-88.144475,12,132.0,153.0,32.0
457,"Harbor City, CA",CA,33.797317,-118.30065,10,14.0,22.0,35.0
458,"Hardeeville, SC",SC,32.277215999999996,-81.07847,12,19.0,30.0,38.0
459,"Harleysville, PA",PA,40.270424,-75.38569,5,32.0,44.0,41.0
460,"Harlingen, TX",TX,26.125242,-97.475663,8,15.0,22.0,38.0
461,"Harrisburg, PA",PA,40.308640000000004,-76.84644899999999,21,32.0,45.0,33.0
462,"Harrison, NY",NY,40.972667,-73.71885999999999,6,16.0,28.0,34.0
463,"Harrisonville, MO",MO,38.641509,-94.34125999999999,2,276.0,349.0,43.0
464,"Hartford, CT",CT,41.78007,-72.677099,3,34.0,49.0,36.0
465,"Harvey, LA",LA,29.677893,-90.0901,6,13.0,24.0,31.0
466,"Hattiesburg, MS",MS,31.325437,-89.37926,2,58.0,76.0,46.0
467,"Hauppauge, NY",NY,40.810246,-73.191789,23,18.0,26.0,34.0
468,"Haverhill, MA",MA,42.771095,-71.122054,18,19.0,29.0,35.0
469,"Hawarden, IA",IA,43.005927,-96.4709,1,24.0,35.0,41.0
470,"Hayward, CA",CA,37.635582,-122.10418,46,18.0,27.0,40.0
471,"Hazelwood, MO",MO,38.7785,-90.37005,30,197.0,232.0,33.0
472,"Hazlehurst, MS",MS,31.841281,-90.42995,2,90.0,108.0,47.0
473,"Healdsburg, CA",CA,38.614088,-122.87626000000002,3,46.0,60.0,44.0
474,"Heber City, UT",UT,40.511413,-111.33259,2,365.0,389.0,54.0
475,"Helotes, TX",TX,29.61403,-98.74185,3,77.0,102.0,41.0
476,"Hempstead, NY",NY,40.754757,-73.601772,7,17.0,24.0,36.0
477,"Henderson, NV",NV,35.927901,-114.97206100000001,100,65.0,79.0,38.0
478,"Hertford, NC",NC,36.157292,-76.4275,2,58.0,84.0,41.0
479,"Hesperia, CA",CA,34.839964,-115.967051,3,49.0,66.0,41.0
480,"Hialeah, FL",FL,25.887983,-80.33284,251,10.0,19.0,28.0
481,"Hiawatha, IA",IA,42.044409,-91.68101999999999,18,289.0,341.0,41.0
482,"Hicksville, NY",NY,40.754757,-73.601772,41,20.0,29.0,38.0
483,"High Point, NC",NC,36.080707000000004,-80.0244,30,76.0,99.0,39.0
484,"High Ridge, MO",MO,38.473921000000004,-90.52696,3,201.0,241.0,40.0
485,"Hightstown, NJ",NJ,40.262809000000004,-74.53246,4,19.0,30.0,34.0
486,"Hildale, UT",UT,37.004364,-112.97841799999999,2,300.0,334.0,54.0
487,"Hildebran, NC",NC,35.718432,-81.41878,2,158.0,192.0,47.0
488,"Hilo, HI",HI,19.713562,-155.09842,3,2.0,9.0,12.0
489,"Hilton Head Island, SC",SC,32.226713000000004,-80.74325,4,29.0,51.0,33.0
490,"Hobbs, NM",NM,32.787805,-103.14591999999999,2,350.0,400.0,52.0
491,"Hockessin, DE",DE,39.784014,-75.68585999999999,4,15.0,27.0,31.0
492,"Holderness, NH",NH,43.737831,-71.60440600000001,2,72.0,123.0,35.0
493,"Holliston, MA",MA,42.196065000000004,-71.43796999999999,19,17.0,29.0,32.0
494,"Holmes, PA",PA,39.899812,-75.30893,1,10.0,20.0,29.0
495,"Holtsville, NY",NY,40.922326,-72.637078,10,18.0,26.0,34.0
496,"Holyoke, MA",MA,42.201890999999996,-72.6242,3,35.0,48.0,36.0
497,"Homedale, ID",ID,43.598319000000004,-116.9484,2,215.0,250.0,45.0
498,"Honolulu, HI",HI,24.859832,-168.021815,78,4.0,10.0,23.0
499,"Hope Mills, NC",NC,34.954709,-78.93744000000001,3,32.0,43.0,34.0
500,"Hopedale, MA",MA,42.125536,-71.53662,10,19.0,30.0,35.0
501,"Hopkinsville, KY",KY,36.898071,-87.49652900000001,2,259.0,284.0,37.0
502,"Hortonville, WI",WI,44.333183,-88.6167,3,22.0,34.0,37.0
503,"Houston, TX",TX,29.733181,-95.43131,456,19.0,29.0,38.0
504,"Hugo, MN",MN,45.161266999999995,-92.99596,2,24.0,35.0,40.0
505,"Humble, TX",TX,29.833990000000004,-95.434241,20,20.0,31.0,39.0
506,"Huntingdon Valley, PA",PA,40.129509000000006,-75.06115,4,17.0,30.0,35.0
507,"Huntington Beach, CA",CA,33.640302,-117.769442,5,16.0,25.0,37.0
508,"Huntington Park, CA",CA,33.978404,-118.21773,7,11.0,20.0,30.0
509,"Huntington Station, NY",NY,40.821698,-73.37553,5,21.0,31.0,37.0
510,"Huntsville, AL",AL,34.733964,-86.522913,24,121.0,137.0,37.0
511,"Hurricane, UT",UT,37.130927,-113.24183000000001,6,185.0,208.0,47.0
512,"Hurst, TX",TX,32.858398,-97.17681,4,65.0,77.0,42.0
513,"Hyannis, MA",MA,41.654740999999994,-70.2895,8,28.0,82.0,26.0
514,"Hyattsville, MD",MD,38.969434,-76.950913,32,16.0,28.0,31.0
515,"Hyde Park, MA",MA,42.252198,-71.12593000000001,3,9.0,19.0,29.0
516,"Idaho Falls, ID",ID,43.528890999999994,-111.98136000000001,6,244.0,264.0,40.0
517,"Independence, MO",MO,36.267961,-90.031801,6,198.0,248.0,41.0
518,"Indian Trail, NC",NC,35.105208000000005,-80.62098,3,75.0,94.0,42.0
519,"Indianapolis, IN",IN,39.678495,-86.12973000000001,150,217.0,250.0,37.0
520,"Inglewood, CA",CA,33.955913,-118.35868,10,15.0,25.0,35.0
521,"Iowa Falls, IA",IA,42.515426,-93.26217,2,436.0,522.0,49.0
522,"Ipswich, MA",MA,42.682965,-70.84007,5,17.0,32.0,29.0
523,"Irvine, CA",CA,33.640302,-117.769442,114,18.0,26.0,37.0
524,"Irving, TX",TX,32.767268,-96.777626,28,59.0,70.0,39.0
525,"Irwin, PA",PA,40.325902,-79.71324,2,118.0,141.0,42.0
526,"Islandia, NY",NY,40.922326,-72.637078,25,15.0,22.0,32.0
527,"Jacksonville, FL",FL,30.34494,-81.68310699999999,54,11.0,19.0,31.0
528,"Jamesburg, NJ",NJ,40.336508,-74.43302,4,25.0,38.0,36.0
529,"Jeannette, PA",PA,40.329238000000004,-79.61469,4,117.0,141.0,41.0
530,"Jefferson, OR",OR,44.736025,-123.02553,2,44.0,60.0,43.0
531,"Jenison, MI",MI,42.904275,-85.82314000000001,4,183.0,212.0,42.0
532,"Jensen Beach, FL",FL,27.242402000000002,-80.224613,2,26.0,42.0,36.0
533,"Jersey City, NJ",NJ,40.73276,-74.075485,44,9.0,16.0,29.0
534,"Jessup, MD",MD,39.144807,-76.78766999999999,30,12.0,21.0,31.0
535,"Johnson City, NY",NY,42.125725,-75.96686,3,71.0,93.0,39.0
536,"Johnson Creek, WI",WI,43.075784000000006,-88.77595,3,292.0,329.0,44.0
537,"Johnstown, CO",CO,40.335398,-104.91476999999999,1,9.0,15.0,36.0
538,"Joliet, IL",IL,41.533631,-88.05592,45,153.0,175.0,37.0
539,"Jonesboro, AR",AR,35.781707,-90.74506,2,182.0,210.0,42.0
540,"Jordan, MN",MN,44.657463,-93.6133,2,18.0,27.0,39.0
541,"Justin, TX",TX,33.08704,-97.30384000000001,3,92.0,105.0,45.0
542,"Kahului, HI",HI,20.883951,-156.46579,10,17.0,30.0,29.0
543,"Kailua Kona, HI",HI,19.675386,-155.97588000000002,1,4.0,11.0,24.0
544,"Kalamazoo, MI",MI,42.278890999999994,-85.55107,15,209.0,234.0,37.0
545,"Kalispell, MT",MT,48.189424,-114.14353100000001,2,36.0,52.0,44.0
546,"Kaneohe, HI",HI,21.501854,-157.87926000000002,4,14.0,24.0,34.0
547,"Kankakee, IL",IL,41.114132,-87.86784,4,366.0,410.0,43.0
548,"Kannapolis, NC",NC,35.499521,-80.64447,3,86.0,107.0,44.0
549,"Kansas City, MO",MO,39.276828,-94.57344,114,199.0,249.0,36.0
550,"Kapolei, HI",HI,23.573339,-164.70117199999999,20,21.0,31.0,41.0
551,"Katy, TX",TX,29.825908000000002,-95.7301,34,33.0,46.0,43.0
552,"Kaukauna, WI",WI,44.293197,-88.25922,3,15.0,25.0,36.0
553,"Kaysville, UT",UT,41.032893,-111.93003999999999,10,160.0,171.0,37.0
554,"Keansburg, NJ",NJ,40.444407,-74.13298,5,18.0,27.0,38.0
555,"Kearney, NE",NE,40.849654,-99.074058,2,429.0,476.0,47.0
556,"Kearny, NJ",NJ,40.763051000000004,-74.13718,7,11.0,20.0,29.0
557,"Kemah, TX",TX,29.541285,-95.02996,4,19.0,32.0,36.0
558,"Kenai, AK",AK,60.587598,-151.23355,6,346.0,606.0,29.0
559,"Kenilworth, NJ",NJ,40.674652,-74.2908,9,11.0,18.0,31.0
560,"Kennebunk, ME",ME,43.38551,-70.54706999999999,3,33.0,41.0,48.0
561,"Kenner, LA",LA,30.022853,-90.25133000000001,21,7.0,15.0,25.0
562,"Kennesaw, GA",GA,34.038949,-84.59706,24,103.0,123.0,38.0
563,"Kennewick, WA",WA,46.210957,-119.16368999999999,9,82.0,97.0,35.0
564,"Kenosha, WI",WI,42.559823,-87.87878,14,176.0,200.0,40.0
565,"Kent, WA",WA,47.363382,-122.11451000000001,110,11.0,19.0,28.0
566,"Kernersville, NC",NC,36.027482,-80.20728000000001,9,80.0,98.0,42.0
567,"Kilgore, TX",TX,32.387151,-94.87439,4,44.0,56.0,47.0
568,"Killeen, TX",TX,31.084108,-97.79149,3,88.0,105.0,41.0
569,"Kingsburg, CA",CA,36.506063,-119.54587,3,72.0,89.0,37.0
570,"Kingsport, TN",TN,36.504158000000004,-82.26446,7,106.0,121.0,40.0
571,"Kirkland, WA",WA,47.71828,-122.19702,4,16.0,26.0,35.0
572,"Kissimmee, FL",FL,28.326187,-81.58896999999999,3,37.0,53.0,39.0
573,"Klamath Falls, OR",OR,42.282428,-121.88447,3,82.0,115.0,25.0
574,"Knightstown, IN",IN,39.803168,-85.51553,2,305.0,353.0,42.0
575,"Knoxville, TN",TN,35.964032,-83.91964,30,141.0,166.0,39.0
576,"Kosciusko, MS",MS,33.038078999999996,-89.56318,2,134.0,184.0,43.0
577,"La Feria, TX",TX,26.149453,-97.82923000000001,5,23.0,32.0,42.0
578,"La Grange Park, IL",IL,41.829831,-87.8704,4,183.0,210.0,32.0
579,"La Habra, CA",CA,33.640302,-117.769442,14,16.0,25.0,35.0
580,"La Marque, TX",TX,29.366684000000003,-94.97391999999999,3,15.0,22.0,41.0
581,"La Mirada, CA",CA,33.905813,-118.018247,21,13.0,20.0,33.0
582,"La Porte, TX",TX,29.833990000000004,-95.434241,10,17.0,27.0,37.0
583,"La Vergne, TN",TN,36.013329999999996,-86.56268,18,159.0,179.0,43.0
584,"La Vista, NE",NE,41.183458,-96.05318,6,257.0,315.0,37.0
585,"Labadie, MO",MO,38.535934000000005,-90.84698,2,310.0,366.0,47.0
586,"Lacey, WA",WA,46.978118,-122.70239299999999,2,24.0,34.0,42.0
587,"Ladson, SC",SC,32.993571,-80.12165,21,8.0,17.0,28.0
588,"Lafayette Hill, PA",PA,40.087297,-75.2557,4,19.0,30.0,34.0
589,"Lafayette, IN",IN,40.428734999999996,-86.8768,12,345.0,393.0,36.0
590,"Laguna Hills, CA",CA,33.573176000000004,-117.698173,6,18.0,26.0,39.0
591,"Lake Bluff, IL",IL,42.286221999999995,-87.86309,7,115.0,133.0,34.0
592,"Lake Charles, LA",LA,30.264232,-93.326527,3,7.0,14.0,28.0
593,"Lake Elsinore, CA",CA,33.696543,-117.3247,2,49.0,64.0,46.0
594,"Lake Forest, IL",IL,42.238087,-87.86093000000001,5,160.0,186.0,34.0
595,"Lake Havasu City, AZ",AZ,34.546898999999996,-114.32546,4,179.0,224.0,44.0
596,"Lake Hopatcong, NJ",NJ,40.963959,-74.61414,5,20.0,29.0,40.0
597,"Lake Worth, FL",FL,26.645895,-80.430269,9,12.0,19.0,33.0
598,"Lake Zurich, IL",IL,42.199957,-88.05859,20,161.0,184.0,40.0
599,"Lakeland, FL",FL,28.041197999999998,-81.92392,2,22.0,32.0,36.0
600,"Lampasas, TX",TX,31.066390000000002,-98.19192,3,103.0,132.0,47.0
601,"Landing, NJ",NJ,40.908198,-74.65749,4,23.0,31.0,41.0
602,"Landis, NC",NC,35.543639,-80.61166999999999,3,88.0,115.0,40.0
603,"Langhorne, PA",PA,40.328645,-75.10278000000001,8,17.0,28.0,35.0
604,"Lanham, MD",MD,38.964093,-76.85331,14,14.0,23.0,32.0
605,"Lansdale, PA",PA,40.237206,-75.29156,4,26.0,42.0,34.0
606,"Lansdowne, PA",PA,39.939609000000004,-75.26453000000001,1,8.0,14.0,33.0
607,"Lapeer, MI",MI,43.048777,-83.33073,6,206.0,235.0,39.0
608,"Laredo, TX",TX,27.542244,-99.49233000000001,12,55.0,67.0,39.0
609,"Largo, FL",FL,27.885283,-82.82607,12,18.0,31.0,33.0
610,"Las Cruces, NM",NM,32.347752,-106.81463000000001,10,361.0,383.0,55.0
611,"Las Vegas, NV",NV,36.141119,-115.22493,288,63.0,76.0,36.0
612,"Latonia, KY",KY,39.013062,-84.49419,3,181.0,218.0,38.0
613,"Latrobe, PA",PA,40.299646,-79.38845,4,113.0,150.0,42.0
614,"Laurel, MD",MD,38.833563,-76.87774300000001,12,13.0,22.0,31.0
615,"Laurens, SC",SC,34.503167,-82.02271,3,79.0,99.0,44.0
616,"Lawndale, CA",CA,33.895363,-118.37688999999999,5,16.0,23.0,41.0
617,"Lawrenceville, PA",PA,41.973095,-77.13731,3,100.0,136.0,37.0
618,"League City, TX",TX,29.502759,-95.08906,8,17.0,28.0,37.0
619,"Leander, TX",TX,30.656816999999997,-97.602552,5,49.0,69.0,35.0
620,"Leavenworth, KS",KS,39.298776000000004,-94.93555,3,208.0,263.0,38.0
621,"Lees Summit, MO",MO,38.850243,-94.3957,26,242.0,305.0,44.0
622,"Leesport, PA",PA,40.435509,-75.98937,3,28.0,41.0,37.0
623,"Lehi, UT",UT,40.366648,-111.89052,12,245.0,261.0,51.0
624,"Lehigh Acres, FL",FL,26.634332,-81.59391,3,70.0,93.0,40.0
625,"Leicester, MA",MA,42.238942,-71.91908000000001,6,20.0,28.0,37.0
626,"Leominster, MA",MA,42.526523,-71.75358,15,14.0,23.0,27.0
627,"Lewis Center, OH",OH,40.173636,-82.99675,3,150.0,176.0,43.0
628,"Lewisberry, PA",PA,40.138959,-76.86904,3,32.0,46.0,39.0
629,"Lexington, KY",KY,38.037847,-84.61645,20,154.0,174.0,36.0
630,"Liberal, KS",KS,37.021640999999995,-100.93804899999999,2,332.0,386.0,49.0
631,"Liberty Lake, WA",WA,47.656171,-117.08628,1,22.0,33.0,40.0
632,"Libertyville, IL",IL,42.290921999999995,-87.95169,14,173.0,198.0,38.0
633,"Lihue, HI",HI,21.98081,-159.37746,3,4.0,18.0,13.0
634,"Lincoln Park, NJ",NJ,40.923233,-74.29375999999999,6,15.0,23.0,34.0
635,"Lincoln, NE",NE,40.784451000000004,-96.688799,12,275.0,307.0,35.0
636,"Lincolnshire, IL",IL,42.188074,-87.92716999999999,2,2.0,6.0,23.0
637,"Lincolnton, NC",NC,35.484821999999994,-81.23954300000001,9,102.0,129.0,43.0
638,"Lindenhurst, NY",NY,40.690049,-73.37442,6,21.0,29.0,40.0
639,"Lithia Springs, GA",GA,33.776137,-84.64484,3,95.0,114.0,37.0
640,"Lithonia, GA",GA,33.750257,-84.0964,3,93.0,113.0,42.0
641,"Little Ferry, NJ",NJ,40.850621000000004,-74.04111999999999,7,12.0,20.0,35.0
642,"Little Rock, AR",AR,34.883484,-92.390766,42,80.0,93.0,44.0
643,"Liverpool, NY",NY,43.152017,-76.22068,6,55.0,71.0,35.0
644,"Livonia, MI",MI,42.239933,-83.150823,72,144.0,166.0,40.0
645,"Lockbourne, OH",OH,39.818249,-82.98115,9,141.0,165.0,38.0
646,"Loma Linda, CA",CA,34.839964,-115.967051,4,26.0,34.0,41.0
647,"Lombard, IL",IL,41.875429,-88.01723,12,129.0,149.0,34.0
648,"Lompoc, CA",CA,34.639682,-120.4471,3,87.0,121.0,44.0
649,"Lone Tree, CO",CO,39.541571000000005,-104.92152,1,37.0,50.0,44.0
650,"Long Beach, CA",CA,33.786594,-118.29866200000001,15,11.0,18.0,31.0
651,"Long Branch, NJ",NJ,40.297932,-73.99096999999999,14,27.0,38.0,36.0
652,"Long Island City, NY",NY,40.651378,-73.870779,119,9.0,16.0,30.0
653,"Longmont, CO",CO,40.160138,-105.01772,5,30.0,41.0,44.0
654,"Los Angeles, CA",CA,34.089459000000005,-118.3285,134,13.0,20.0,36.0
655,"Louisville, KY",KY,38.188962,-85.676819,108,194.0,219.0,36.0
656,"Lowell, MA",MA,42.641779,-71.303488,23,18.0,28.0,33.0
657,"Lubbock, TX",TX,33.570135,-101.88901,57,186.0,226.0,38.0
658,"Lumberton, NC",NC,34.607669,-79.014425,3,39.0,49.0,40.0
659,"Lynwood, CA",CA,33.924642,-118.20186000000001,6,13.0,21.0,34.0
660,"Mabelvale, AR",AR,34.598551,-92.38169,3,81.0,94.0,46.0
661,"Macedonia, OH",OH,41.321189000000004,-81.50135,8,104.0,122.0,38.0
662,"Machesney Park, IL",IL,42.352539,-89.04186,6,271.0,306.0,39.0
663,"Mahwah, NJ",NJ,40.948054,-74.08323100000001,14,22.0,34.0,33.0
664,"Mamaroneck, NY",NY,40.952892,-73.7346,12,16.0,27.0,35.0
665,"Manheim, PA",PA,40.168294,-76.4123,4,33.0,52.0,37.0
666,"Manitowoc, WI",WI,44.096194,-87.68919,2,454.0,508.0,51.0
667,"Mankato, MN",MN,44.184909000000005,-94.04244,4,17.0,22.0,47.0
668,"Mansfield, OH",OH,40.850833,-82.51136899999999,4,213.0,250.0,42.0
669,"Manteca, CA",CA,37.782332000000004,-121.23578,3,29.0,40.0,35.0
670,"Maple Heights, OH",OH,41.412653000000006,-81.56067,6,126.0,149.0,34.0
671,"Marietta, GA",GA,33.912473,-84.557181,28,100.0,118.0,41.0
672,"Marlborough, MA",MA,42.350909,-71.54753000000001,2,8.0,17.0,28.0
673,"Marstons Mills, MA",MA,41.667689,-70.4168,4,25.0,78.0,28.0
674,"Martinez, CA",CA,37.998912,-122.11501000000001,7,26.0,38.0,41.0
675,"Maryland Heights, MO",MO,38.725331,-90.44451,42,198.0,234.0,39.0
676,"Maryville, TN",TN,35.781607,-83.93590999999999,3,150.0,178.0,44.0
677,"Mason City, IA",IA,43.081604,-93.260879,1,2.0,4.0,24.0
678,"Maspeth, NY",NY,40.724096,-73.90271,14,7.0,14.0,29.0
679,"Massillon, OH",OH,40.811809000000004,-81.368284,6,123.0,152.0,37.0
680,"Mauldin, SC",SC,34.774657,-82.30431999999999,3,72.0,87.0,40.0
681,"Maumee, OH",OH,41.576992,-83.67200000000001,3,160.0,181.0,32.0
682,"Maumelle, AR",AR,34.854746,-92.39981,9,87.0,102.0,45.0
683,"Mazomanie, WI",WI,43.177861,-89.78012,2,27.0,42.0,39.0
684,"McAllen, TX",TX,26.250709000000004,-97.71136700000001,9,37.0,46.0,43.0
685,"McKeesport, PA",PA,40.434436,-80.024817,3,91.0,113.0,38.0
686,"McKinney, TX",TX,33.195073,-96.60363000000001,3,82.0,100.0,44.0
687,"McMinnville, TN",TN,35.687286,-85.787,2,244.0,284.0,49.0
688,"Mcdonough, GA",GA,33.455031,-84.17215,3,82.0,95.0,37.0
689,"Mchenry, IL",IL,42.324760999999995,-88.452481,5,167.0,195.0,38.0
690,"Mechanicsburg, PA",PA,40.249543,-77.002296,10,32.0,46.0,34.0
691,"Medford, NY",NY,40.820786,-72.98375,15,20.0,29.0,36.0
692,"Melbourne, FL",FL,28.139259999999997,-80.65077,3,33.0,44.0,38.0
693,"Melvindale, MI",MI,42.281638,-83.18188,8,138.0,159.0,36.0
694,"Memphis, TN",TN,35.201738,-89.971538,66,127.0,146.0,35.0
695,"Menomonee Falls, WI",WI,43.018696000000006,-88.30299699999999,30,276.0,314.0,40.0
696,"Mequon, WI",WI,43.234506,-88.00914,1,21.0,32.0,40.0
697,"Merced, CA",CA,37.342056,-120.50153999999999,2,69.0,86.0,42.0
698,"Mercedes, TX",TX,26.169728,-97.91232,4,24.0,31.0,45.0
699,"Meredith, NH",NH,43.644559,-71.50488,2,71.0,116.0,37.0
700,"Meriden, CT",CT,41.365709,-72.92750699999999,4,41.0,60.0,40.0
701,"Merrillville, IN",IN,41.461543,-87.37277900000001,12,347.0,388.0,48.0
702,"Mesa, AZ",AZ,33.276539,-112.18717,69,134.0,154.0,43.0
703,"Mesilla Park, NM",NM,32.213198,-106.71991000000001,2,361.0,385.0,52.0
704,"Methuen, MA",MA,42.73004,-71.17935,2,6.0,12.0,32.0
705,"Miamisburg, OH",OH,39.750471000000005,-84.26859300000001,21,184.0,214.0,44.0
706,"Micaville, NC",NC,35.909707,-82.21395,2,190.0,237.0,43.0
707,"Michigan City, IN",IN,41.707539000000004,-86.87902,7,284.0,319.0,39.0
708,"Middleboro, MA",MA,41.970473999999996,-70.701357,1,4.0,8.0,31.0
709,"Middlebury, VT",VT,44.006024,-73.172,2,82.0,122.0,39.0
710,"Middleton, MA",MA,42.602278000000005,-71.01356,11,13.0,24.0,31.0
711,"Milwaukee, WI",WI,43.047863,-87.96618000000001,66,269.0,304.0,36.0
712,"Minden, NV",NV,39.009564000000005,-119.75556999999999,8,128.0,159.0,48.0
713,"Mine Hill, NJ",NJ,40.878785,-74.60098,5,17.0,26.0,36.0
714,"Minneapolis, MN",MN,44.947515,-93.28742,20,9.0,16.0,29.0
715,"Minnetonka, MN",MN,44.915413,-93.48443,6,13.0,22.0,36.0
716,"Minot, ND",ND,48.226422,-101.274388,4,3.0,8.0,24.0
717,"Missoula, MT",MT,46.896821,-113.95551,12,168.0,188.0,39.0
718,"Missouri City, TX",TX,29.601141,-95.51772,15,24.0,35.0,41.0
719,"Mobile, AL",AL,30.658865000000002,-88.177975,27,9.0,16.0,31.0
720,"Modesto, CA",CA,37.622898,-121.05181,2,50.0,66.0,35.0
721,"Mogadore, OH",OH,41.043123,-81.36518000000001,3,122.0,140.0,32.0
722,"Mokena, IL",IL,41.536782,-87.88582,11,136.0,157.0,33.0
723,"Moncks Corner, SC",SC,33.164225,-80.01039,3,23.0,36.0,39.0
724,"Monessen, PA",PA,40.154271,-79.88277,3,97.0,125.0,40.0
725,"Monroe, NC",NC,34.936388,-80.5382,15,78.0,98.0,44.0
726,"Monrovia, CA",CA,33.786594,-118.29866200000001,7,21.0,30.0,39.0
727,"Monterey Park, CA",CA,34.05471,-118.11823000000001,8,13.0,21.0,36.0
728,"Montgomery, AL",AL,32.346158,-86.287316,27,68.0,86.0,37.0
729,"Montgomeryville, PA",PA,40.223216,-75.22829,8,23.0,37.0,36.0
730,"Moonachie, NJ",NJ,40.841668,-74.059,41,13.0,21.0,35.0
731,"Moorestown, NJ",NJ,39.968962,-74.9489,10,13.0,24.0,31.0
732,"Moorpark, CA",CA,34.032383,-119.1343,4,33.0,44.0,44.0
733,"Morganville, NJ",NJ,40.361014000000004,-74.26595,2,6.0,13.0,29.0
734,"Morris Plains, NJ",NJ,40.842399,-74.48223,2,2.0,5.0,22.0
735,"Morristown, NJ",NJ,40.77975,-74.442797,9,12.0,20.0,33.0
736,"Morrow, GA",GA,33.500696999999995,-84.35127299999999,18,82.0,97.0,32.0
737,"Morton Grove, IL",IL,42.041999,-87.78882,5,151.0,173.0,37.0
738,"Mount Clemens, MI",MI,42.596784,-82.88031,3,193.0,224.0,42.0
739,"Mount Juliet, TN",TN,36.156231,-86.30492199999999,5,104.0,118.0,40.0
740,"Mountain View, CA",CA,37.189396,-121.705327,7,14.0,20.0,37.0
741,"Mukilteo, WA",WA,47.916148,-122.30293,5,12.0,21.0,31.0
742,"Mundelein, IL",IL,42.263622999999995,-88.01172,14,115.0,133.0,34.0
743,"Murrells Inlet, SC",SC,33.55016,-79.053838,9,59.0,77.0,42.0
744,"Murrieta, CA",CA,33.568616999999996,-117.25263999999999,9,43.0,59.0,43.0
745,"Murrysville, PA",PA,40.451664,-79.67948,3,93.0,115.0,38.0
746,"Muskego, WI",WI,42.901235,-88.12464,3,273.0,310.0,43.0
747,"Muskegon, MI",MI,43.278021,-86.2682,9,239.0,276.0,39.0
748,"Muskogee, OK",OK,35.719962,-95.33691,2,182.0,215.0,47.0
749,"Myrtle Beach, SC",SC,33.738887,-78.999561,15,56.0,71.0,40.0
750,"Nampa, ID",ID,43.70713,-116.620774,9,145.0,166.0,38.0
751,"Nanuet, NY",NY,41.100182000000004,-74.0133,7,22.0,33.0,36.0
752,"Napa, CA",CA,38.509569,-122.3539,6,27.0,38.0,42.0
753,"Naperville, IL",IL,41.839679,-88.088716,23,140.0,163.0,34.0
754,"Naples, FL",FL,25.855534,-81.38719,36,63.0,75.0,42.0
755,"Nashville, TN",TN,36.103408,-86.66615999999999,114,98.0,111.0,36.0
756,"Necedah, WI",WI,44.057528000000005,-90.07117,1,44.0,70.0,38.0
757,"Neenah, WI",WI,44.198944,-88.678863,8,234.0,268.0,37.0
758,"New Berlin, WI",WI,42.973663,-88.15414,12,274.0,311.0,40.0
759,"New Bern, NC",NC,35.110855,-77.06336,1,8.0,18.0,25.0
760,"New Braunfels, TX",TX,29.738502,-98.08715699999999,6,67.0,87.0,47.0
761,"New Britain, CT",CT,41.686949,-72.7908,4,40.0,58.0,40.0
762,"New Brunswick, NJ",NJ,40.513853999999995,-74.445098,14,17.0,27.0,30.0
763,"New Century, KS",KS,38.824863,-94.899201,2,299.0,362.0,42.0
764,"New Galilee, PA",PA,40.853014,-80.40181,3,108.0,130.0,44.0
765,"New Haven, CT",CT,41.365709,-72.92750699999999,14,20.0,32.0,29.0
766,"New Hudson, MI",MI,42.501401,-83.62916,9,194.0,219.0,46.0
767,"New Kensington, PA",PA,40.571108,-79.74226,3,93.0,117.0,35.0
768,"New Lenox, IL",IL,41.509231,-87.96475,17,135.0,156.0,33.0
769,"New Orleans, LA",LA,30.032996999999998,-89.882564,15,9.0,17.0,30.0
770,"New Rochelle, NY",NY,40.915845000000004,-73.78643000000001,6,16.0,25.0,35.0
771,"New Smyrna Beach, FL",FL,29.016896999999997,-80.95736,8,38.0,52.0,41.0
772,"New Windsor, MD",MD,39.529834,-77.09715,2,33.0,54.0,36.0
773,"New York, NY",NY,40.780751,-73.977182,7,7.0,16.0,25.0
774,"Newark, OH",OH,40.079115,-82.40054,3,144.0,172.0,43.0
775,"Newbern, TN",TN,36.114872,-89.25419000000001,2,234.0,272.0,45.0
776,"Newburgh, NY",NY,41.521592999999996,-74.04072,17,30.0,43.0,37.0
777,"Newbury Park, CA",CA,34.032383,-119.1343,4,24.0,33.0,41.0
778,"Newburyport, MA",MA,42.809891,-70.86363,4,30.0,44.0,39.0
779,"Newnan, GA",GA,33.38779,-84.82536,3,102.0,128.0,44.0
780,"Newport Beach, CA",CA,33.640302,-117.769442,2,15.0,19.0,45.0
781,"Nipomo, CA",CA,35.032408000000004,-120.49446,4,72.0,94.0,44.0
782,"Nixa, MO",MO,37.045593,-93.30563000000001,12,152.0,191.0,38.0
783,"Nolensville, TN",TN,35.940383000000004,-86.6686,3,156.0,178.0,41.0
784,"Norcross, GA",GA,33.909952000000004,-84.1794,39,100.0,118.0,37.0
785,"Norfolk, VA",VA,36.931166,-76.23971999999999,92,11.0,19.0,29.0
786,"Normal, IL",IL,40.515485,-88.98629,6,257.0,304.0,38.0
787,"Norman, OK",OK,35.22704,-97.28198,3,138.0,155.0,44.0
788,"Norristown, PA",PA,39.983153,-75.74805500000001,12,23.0,36.0,36.0
789,"North Andover, MA",MA,42.683840999999994,-71.11171,6,18.0,32.0,33.0
790,"North Attleboro, MA",MA,41.756214,-71.06706199999999,18,16.0,27.0,32.0
791,"North Augusta, SC",SC,33.517435,-81.94945,3,54.0,69.0,40.0
792,"North Bergen, NJ",NJ,40.7946,-74.01963,6,13.0,22.0,33.0
793,"North Brunswick, NJ",NJ,40.453131,-74.48286999999999,14,13.0,22.0,29.0
794,"North Charleston, SC",SC,32.879529,-80.05911,55,5.0,12.0,26.0
795,"North Dighton, MA",MA,41.851557,-71.15125,1,26.0,46.0,34.0
796,"North Hampton, NH",NH,42.977779999999996,-70.83055,2,42.0,62.0,41.0
797,"North Hollywood, CA",CA,33.786594,-118.29866200000001,26,16.0,24.0,35.0
798,"North Jackson, OH",OH,41.090089,-80.86735999999999,3,116.0,135.0,45.0
799,"North Las Vegas, NV",NV,35.927901,-114.97206100000001,55,68.0,82.0,38.0
800,"North Little Rock, AR",AR,34.813269,-92.30229,16,77.0,92.0,39.0
801,"North Platte, NE",NE,41.129363,-100.77502,1,105.0,149.0,42.0
802,"North Port, FL",FL,27.072445000000002,-82.1606,2,79.0,96.0,49.0
803,"North Royalton, OH",OH,41.313758,-81.74204,12,130.0,154.0,38.0
804,"North Salt Lake, UT",UT,40.843012,-111.90581,17,136.0,146.0,36.0
805,"North Sioux City, SD",SD,42.524771,-96.49955,4,10.0,15.0,39.0
806,"North Smithfield, RI",RI,41.988166,-71.55188000000001,3,25.0,38.0,37.0
807,"North Versailles, PA",PA,40.380219,-79.81017,6,89.0,108.0,41.0
808,"North Wales, PA",PA,40.223524,-75.24731,8,24.0,38.0,35.0
809,"Northampton, MA",MA,42.324539,-72.63561,6,46.0,66.0,40.0
810,"Northborough, MA",MA,42.321917,-71.64692,4,16.0,27.0,33.0
811,"Northbrook, IL",IL,42.124576,-87.84303,34,117.0,137.0,34.0
812,"Northvale, NJ",NJ,41.009414,-73.94849,10,24.0,39.0,36.0
813,"Norwalk, OH",OH,41.261375,-82.589042,2,217.0,247.0,48.0
814,"Novi, MI",MI,42.511765999999994,-83.47314,16,149.0,171.0,44.0
815,"Nunn, CO",CO,40.746862,-104.76208000000001,1,35.0,57.0,37.0
816,"Oak Creek, WI",WI,42.884347,-87.8992,6,265.0,299.0,37.0
817,"Oak Ridge, TN",TN,35.992691,-84.27044000000001,6,161.0,191.0,45.0
818,"Oakmont, PA",PA,40.519518,-79.83762,4,78.0,99.0,39.0
819,"Ocala, FL",FL,29.08091,-82.21004,4,89.0,126.0,42.0
820,"Oceanside, NY",NY,40.636286,-73.6374,26,16.0,27.0,33.0
821,"Odenton, MD",MD,39.079902000000004,-76.70867,35,14.0,23.0,31.0
822,"Oelwein, IA",IA,42.682885999999996,-91.92182,2,35.0,56.0,37.0
823,"Ogden, UT",UT,41.270319,-112.01932,39,164.0,175.0,32.0
824,"Okemos, MI",MI,42.702128,-84.41946,3,199.0,227.0,36.0
825,"Oklahoma City, OK",OK,35.498461,-97.39314,162,135.0,152.0,34.0
826,"Olathe, KS",KS,38.899901,-94.831991,34,263.0,317.0,44.0
827,"Old Bridge, NJ",NJ,40.397507,-74.3298,6,17.0,29.0,33.0
828,"Old Orchard Beach, ME",ME,43.514864,-70.3856,3,26.0,36.0,43.0
829,"Old Saybrook, CT",CT,41.289348,-72.38285,2,3.0,6.0,26.0
830,"Oldsmar, FL",FL,28.042799,-82.67737,8,17.0,32.0,33.0
831,"Omaha, NE",NE,41.263194,-96.17108,22,243.0,298.0,34.0
832,"Ontario, CA",CA,34.839964,-115.967051,24,18.0,25.0,35.0
833,"Opa Locka, FL",FL,25.94422,-80.2773,14,8.0,15.0,28.0
834,"Opelika, AL",AL,32.660497,-85.39917,3,88.0,119.0,43.0
835,"Orangeburg, NY",NY,41.047996000000005,-73.96215,7,21.0,34.0,36.0
836,"Oregon, OH",OH,41.676897,-83.39972,3,166.0,192.0,36.0
837,"Orem, UT",UT,40.301444000000004,-111.67485,16,350.0,372.0,53.0
838,"Orland Park, IL",IL,41.623532,-87.83542,14,113.0,133.0,32.0
839,"Orlando, FL",FL,28.385548999999997,-81.505894,100,24.0,34.0,37.0
840,"Ormond Beach, FL",FL,29.284924,-81.10296,6,46.0,56.0,45.0
841,"Oshkosh, WI",WI,44.043984,-88.53528,15,302.0,344.0,42.0
842,"Osseo, MN",MN,45.120764,-93.43183,6,18.0,26.0,41.0
843,"Owasso, OK",OK,36.278298,-95.8305,3,128.0,151.0,34.0
844,"Owatonna, MN",MN,44.07393,-93.22716,2,28.0,36.0,48.0
845,"Owings Mills, MD",MD,39.419105,-76.78388000000001,3,20.0,33.0,36.0
846,"Oxnard, CA",CA,34.179303999999995,-119.22188999999999,9,18.0,25.0,33.0
847,"Pacoima, CA",CA,33.786594,-118.29866200000001,12,17.0,25.0,37.0
848,"Paducah, KY",KY,37.066542999999996,-88.65687,2,268.0,308.0,42.0
849,"Pageland, SC",SC,34.769259000000005,-80.39935,2,103.0,126.0,48.0
850,"Pahrump, NV",NV,36.655797,-116.004795,3,132.0,164.0,48.0
851,"Palm City, FL",FL,27.110182000000002,-80.454196,2,30.0,40.0,46.0
852,"Palm Desert, CA",CA,33.660374,-116.408249,9,70.0,92.0,42.0
853,"Palm, PA",PA,40.431982,-75.53851999999999,4,28.0,47.0,36.0
854,"Palmetto, FL",FL,27.427213000000002,-82.438689,4,24.0,38.0,36.0
855,"Palo Alto, CA",CA,37.449888,-122.12749,7,14.0,21.0,36.0
856,"Panama City Beach, FL",FL,30.252615999999996,-85.90413000000001,3,38.0,54.0,38.0
857,"Panama City, FL",FL,30.234451,-85.692035,9,36.0,52.0,36.0
858,"Paragould, AR",AR,36.11635,-90.525077,2,198.0,224.0,49.0
859,"Paramount, CA",CA,33.899915,-118.16231,14,12.0,20.0,34.0
860,"Park City, UT",UT,40.648540999999994,-111.49361999999999,3,256.0,276.0,51.0
861,"Parsippany, NJ",NJ,40.860149,-74.4171,5,12.0,19.0,27.0
862,"Pasco, WA",WA,46.234957,-119.09427099999999,3,83.0,99.0,33.0
863,"Passaic, NJ",NJ,40.857384,-74.12899,19,14.0,22.0,32.0
864,"Patchogue, NY",NY,40.770897999999995,-73.00213000000001,4,22.0,30.0,37.0
865,"Paterson, NJ",NJ,41.011428,-74.304793,75,17.0,25.0,35.0
866,"Pawtucket, RI",RI,41.86125,-71.369099,22,13.0,22.0,33.0
867,"Payson, AZ",AZ,34.243578,-111.28137,2,263.0,307.0,49.0
868,"Peabody, MA",MA,42.635443,-70.87912299999999,5,10.0,19.0,27.0
869,"Peachtree City, GA",GA,33.398992,-84.57061999999999,3,95.0,117.0,41.0
870,"Pearland, TX",TX,29.562179999999998,-95.26982,14,15.0,25.0,34.0
871,"Peekskill, NY",NY,41.288258,-73.91928,5,28.0,39.0,40.0
872,"Pell City, AL",AL,33.606663,-86.28912,6,113.0,128.0,50.0
873,"Pembroke Pines, FL",FL,26.145723999999998,-80.448254,12,21.0,35.0,36.0
874,"Pembroke, MA",MA,42.065554,-70.80426,10,19.0,31.0,34.0
875,"Pen Argyl, PA",PA,40.857828999999995,-75.25776,3,38.0,55.0,39.0
876,"Pennsauken, NJ",NJ,39.966812,-75.05681,25,13.0,21.0,32.0
877,"Pennsburg, PA",PA,40.388263,-75.48659,4,33.0,49.0,40.0
878,"Pensacola, FL",FL,30.447996999999997,-87.20727,3,21.0,28.0,32.0
879,"Peoria, AZ",AZ,33.689869,-112.24838000000001,12,129.0,151.0,40.0
880,"Pepperell, MA",MA,42.665686,-71.5929,4,23.0,38.0,34.0
881,"Perkasie, PA",PA,40.379028999999996,-75.25926,4,26.0,43.0,35.0
882,"Perris, CA",CA,33.822068,-117.21513999999999,3,38.0,52.0,44.0
883,"Petaluma, CA",CA,38.463088,-122.989975,9,30.0,43.0,43.0
884,"Pewaukee, WI",WI,43.076953,-88.26799999999999,3,278.0,317.0,41.0
885,"Pflugerville, TX",TX,30.450121999999997,-97.62299999999999,5,42.0,59.0,35.0
886,"Philadelphia, PA",PA,40.001811,-75.11787,48,11.0,19.0,29.0
887,"Philipsburg, PA",PA,40.893028,-78.21678,1,25.0,36.0,42.0
888,"Phoenixville, PA",PA,40.126271,-75.52341,8,26.0,45.0,34.0
889,"Picayune, MS",MS,30.52798,-89.66611,2,47.0,62.0,46.0
890,"Pike Road, AL",AL,32.318234000000004,-86.09585,3,73.0,93.0,41.0
891,"Pilot Mountain, NC",NC,36.398995,-80.48006,2,123.0,163.0,45.0
892,"Pine Bluff, AR",AR,34.215648,-91.98841,4,100.0,141.0,33.0
893,"Pine Brook, NJ",NJ,40.871299,-74.34331,6,16.0,26.0,35.0
894,"Pinellas Park, FL",FL,27.839802000000002,-82.71094000000001,8,19.0,32.0,34.0
895,"Piscataway, NJ",NJ,40.555355,-74.46094000000001,12,17.0,27.0,34.0
896,"Pittsboro, IN",IN,39.872254999999996,-86.46335,3,227.0,265.0,42.0
897,"Pittsburgh, PA",PA,40.434436,-80.024817,36,90.0,113.0,37.0
898,"Placentia, CA",CA,33.883314,-117.85446,14,15.0,22.0,36.0
899,"Plain City, OH",OH,40.103133,-83.26825,6,154.0,182.0,43.0
900,"Plano, TX",TX,33.024721,-96.74038,4,67.0,79.0,45.0
901,"Plant City, FL",FL,28.029627,-82.134741,6,23.0,32.0,42.0
902,"Pleasant Garden, NC",NC,35.937595,-79.75441,3,69.0,91.0,37.0
903,"Pleasant Prairie, WI",WI,42.529075,-87.87201,4,202.0,228.0,45.0
904,"Plover, WI",WI,44.452277,-89.54399000000001,2,16.0,24.0,34.0
905,"Plymouth, MA",MA,41.970473999999996,-70.701357,3,21.0,32.0,34.0
906,"Pocatello, ID",ID,42.847727,-112.50328999999999,3,236.0,254.0,46.0
907,"Pompano Beach, FL",FL,26.3007,-80.22726999999999,101,10.0,17.0,31.0
908,"Pooler, GA",GA,32.110421,-81.24568000000001,6,9.0,19.0,29.0
909,"Port Angeles, WA",WA,48.097144,-123.40628000000001,2,106.0,180.0,35.0
910,"Port Charlotte, FL",FL,26.983094,-82.05972,4,72.0,99.0,45.0
911,"Port Chester, NY",NY,41.010376,-73.67326,6,17.0,27.0,34.0
912,"Port Clinton, OH",OH,41.512855,-82.92948,2,232.0,264.0,47.0
913,"Port Saint Lucie, FL",FL,27.382196,-80.409024,4,31.0,42.0,40.0
914,"Port Washington, NY",NY,40.833246,-73.69309,14,18.0,30.0,34.0
915,"Portland, OR",OR,45.548615999999996,-123.114725,240,7.0,14.0,26.0
916,"Portsmouth, NH",NH,43.070188,-70.77684,4,47.0,61.0,46.0
917,"Post Falls, ID",ID,47.720306,-116.94564,6,120.0,139.0,46.0
918,"Pottstown, PA",PA,40.253496000000005,-75.63481,20,29.0,47.0,35.0
919,"Poway, CA",CA,33.016928,-116.846046,4,24.0,34.0,42.0
920,"Prescott Valley, AZ",AZ,34.668291,-112.307777,4,262.0,295.0,52.0
921,"Prince Frederick, MD",MD,38.535115999999995,-76.58431999999999,2,53.0,77.0,41.0
922,"Proctor, VT",VT,43.657716,-73.0328,2,79.0,120.0,38.0
923,"Providence, RI",RI,41.8191,-71.44775,14,14.0,24.0,32.0
924,"Pueblo, CO",CO,38.282872,-104.57029,4,494.0,549.0,54.0
925,"Puunene, HI",HI,20.866638000000002,-156.64666699999998,2,16.0,30.0,28.0
926,"Puyallup, WA",WA,47.196272,-122.31577,2,5.0,13.0,24.0
927,"Quakertown, PA",PA,40.445203,-75.34838,10,26.0,42.0,35.0
928,"Queenstown, MD",MD,38.963566,-76.13939,4,46.0,72.0,39.0
929,"Quincy, MA",MA,42.250739,-70.99593,5,6.0,14.0,25.0
930,"Raleigh, NC",NC,35.891726,-78.63203,57,51.0,62.0,37.0
931,"Rancho Cordova, CA",CA,38.377410999999995,-121.444429,9,46.0,61.0,45.0
932,"Rancho Cucamonga, CA",CA,34.127819,-117.5246,34,14.0,20.0,29.0
933,"Rathdrum, ID",ID,47.818931,-116.8783,2,180.0,211.0,46.0
934,"Raymond, MS",MS,32.230592,-90.45709000000001,3,70.0,86.0,43.0
935,"Reading, PA",PA,40.4389,-75.88530300000001,9,23.0,35.0,33.0
936,"Redding, CA",CA,40.56816,-122.41519,3,115.0,144.0,43.0
937,"Redlands, CA",CA,34.839964,-115.967051,8,28.0,38.0,40.0
938,"Redmond, WA",WA,47.432251,-121.80338799999998,8,18.0,30.0,35.0
939,"Redwood City, CA",CA,37.381144,-122.334825,7,13.0,19.0,36.0
940,"Reedley, CA",CA,36.608675,-119.43761,3,77.0,100.0,41.0
941,"Reno, NV",NV,39.87107,-119.71313,21,76.0,99.0,33.0
942,"Renton, WA",WA,47.432251,-121.80338799999998,6,9.0,18.0,29.0
943,"Rialto, CA",CA,34.109511,-117.37617,5,19.0,27.0,34.0
944,"Rice Lake, WI",WI,45.517226,-91.72638,1,48.0,59.0,48.0
945,"Richmond, VA",VA,37.524246000000005,-77.493157,90,9.0,19.0,29.0
946,"Ridgewood, NY",NY,40.703069,-73.89285,21,7.0,15.0,27.0
947,"Rio Linda, CA",CA,38.688069,-121.44873999999999,3,38.0,55.0,36.0
948,"Riverdale, GA",GA,33.564710999999996,-84.43987,6,84.0,100.0,32.0
949,"Riverhead, NY",NY,40.926595,-72.65326999999999,12,44.0,62.0,36.0
950,"Rock Hill, SC",SC,34.914611,-81.0125,12,72.0,89.0,41.0
951,"Rock Island, IL",IL,41.554901,-90.615975,3,282.0,327.0,38.0
952,"Rock Springs, WY",WY,41.594542,-109.16304,6,478.0,501.0,54.0
953,"Rock Tavern, NY",NY,41.478722,-74.15626,1,8.0,17.0,28.0
954,"Rockaway, NJ",NJ,40.926798,-74.50624,2,3.0,6.0,31.0
955,"Rocklin, CA",CA,38.789165000000004,-121.23825,6,51.0,67.0,43.0
956,"Rockville Centre, NY",NY,40.754757,-73.601772,6,16.0,25.0,37.0
957,"Rocky Mount, NC",NC,35.973773,-77.82694000000001,2,73.0,102.0,44.0
958,"Roebuck, SC",SC,34.856283000000005,-81.95444,3,72.0,87.0,38.0
959,"Rogers, AR",AR,36.342234999999995,-94.07141,12,125.0,171.0,35.0
960,"Rolling Meadows, IL",IL,42.07506,-88.02508,12,133.0,152.0,37.0
961,"Romeoville, IL",IL,41.64273,-88.09934,12,131.0,151.0,37.0
962,"Romulus, MI",MI,42.212371999999995,-83.37223,20,138.0,159.0,38.0
963,"Ronkonkoma, NY",NY,40.818826,-73.1187,16,15.0,23.0,30.0
964,"Roseburg, OR",OR,43.227287,-123.35138,2,78.0,106.0,45.0
965,"Roselle Park, NJ",NJ,40.665552000000005,-74.26768,12,15.0,25.0,32.0
966,"Rossville, IN",IN,40.427919,-86.61059,2,347.0,396.0,51.0
967,"Round Rock, TX",TX,30.518975,-97.71439000000001,6,40.0,55.0,37.0
968,"Roxboro, NC",NC,36.416628,-78.970224,4,88.0,112.0,44.0
969,"Royersford, PA",PA,40.200347,-75.53236,4,29.0,49.0,36.0
970,"Royse City, TX",TX,32.960512,-96.31278,2,106.0,123.0,52.0
971,"Ruston, LA",LA,32.525825,-92.649298,2,57.0,66.0,52.0
972,"Sacramento, CA",CA,38.377410999999995,-121.444429,27,38.0,51.0,42.0
973,"Saddle Brook, NJ",NJ,40.904131,-74.09474,33,15.0,24.0,31.0
974,"Saginaw, MI",MI,43.458776,-84.051827,6,212.0,240.0,40.0
975,"Saint Augustine, FL",FL,29.923718,-81.33962,2,28.0,40.0,42.0
976,"Saint Charles, IL",IL,41.919808,-88.30498,14,65.0,82.0,31.0
977,"Saint Clair Shores, MI",MI,42.526965000000004,-82.88809,4,147.0,172.0,38.0
978,"Saint Cloud, MN",MN,45.528859999999995,-94.593338,2,7.0,14.0,28.0
979,"Saint James, NY",NY,40.884394,-73.15868,5,17.0,25.0,31.0
980,"Saint Joseph, MO",MO,39.741794,-94.83237,8,306.0,380.0,37.0
981,"Saint Louis, MO",MO,38.6531,-90.243462,82,193.0,229.0,37.0
982,"Saint Paul, MN",MN,44.921982,-92.94234,10,6.0,13.0,24.0
983,"Saint Peters, MO",MO,38.778579,-90.62045,12,207.0,246.0,41.0
984,"Saint Petersburg, FL",FL,27.741505,-82.75179,47,23.0,35.0,39.0
985,"Saint Rose, LA",LA,29.962601,-90.30965,15,8.0,15.0,26.0
986,"Salem, OR",OR,44.970181,-123.08033,32,26.0,36.0,35.0
987,"Salisbury, NC",NC,35.708966,-80.464515,4,106.0,134.0,33.0
988,"Salt Lake City, UT",UT,40.769046,-111.889319,110,169.0,180.0,35.0
989,"San Antonio, TX",TX,29.422583000000003,-98.56584000000001,248,56.0,72.0,38.0
990,"San Bernardino, CA",CA,34.106965,-117.2975,58,21.0,29.0,37.0
991,"San Carlos, CA",CA,37.499175,-122.26655,6,16.0,22.0,37.0
992,"San Clemente, CA",CA,33.462927,-117.62414,12,27.0,39.0,37.0
993,"San Diego, CA",CA,32.706953999999996,-117.0542,531,14.0,22.0,37.0
994,"San Dimas, CA",CA,34.103341,-117.81813999999999,5,20.0,25.0,43.0
995,"San Francisco, CA",CA,37.784827,-122.727802,58,10.0,18.0,30.0
996,"San Jose, CA",CA,37.412539,-121.94461000000001,87,10.0,16.0,33.0
997,"San Leandro, CA",CA,37.722279,-122.15701999999999,5,16.0,23.0,38.0
998,"San Marcos, CA",CA,33.016928,-116.846046,9,31.0,44.0,39.0
999,"Sand Springs, OK",OK,36.139385,-96.16523000000001,3,128.0,152.0,38.0
1000,"Sandpoint, ID",ID,48.36875,-116.545493,4,203.0,242.0,45.0
1001,"Sandusky, OH",OH,41.42646,-82.71083,2,218.0,250.0,43.0
1002,"Santa Ana, CA",CA,33.762116999999996,-117.81828,35,16.0,24.0,35.0
1003,"Santa Fe Springs, CA",CA,33.786594,-118.29866200000001,35,14.0,21.0,35.0
1004,"Santa Maria, CA",CA,34.956344,-120.45243,4,73.0,94.0,41.0
1005,"Santa Monica, CA",CA,34.01491,-118.4922,10,21.0,31.0,41.0
1006,"Santa Rosa, CA",CA,38.438161,-122.67419,3,33.0,46.0,42.0
1007,"Santee, CA",CA,33.016928,-116.846046,4,23.0,32.0,43.0
1008,"Sapulpa, OK",OK,36.019575,-96.093682,3,131.0,155.0,47.0
1009,"Saraland, AL",AL,30.831636,-88.09385999999999,9,11.0,20.0,32.0
1010,"Sarasota, FL",FL,27.167521,-82.380967,15,27.0,41.0,35.0
1011,"Saugus, MA",MA,42.462796000000004,-71.0098,5,8.0,15.0,30.0
1012,"Sauk Rapids, MN",MN,45.608178,-94.13838,3,6.0,11.0,32.0
1013,"Savage, MD",MD,39.137307,-76.82335,18,13.0,23.0,30.0
1014,"Savannah, GA",GA,31.971394,-81.07155999999999,38,12.0,22.0,29.0
1015,"Schaumburg, IL",IL,42.056376,-88.07252199999999,20,119.0,137.0,34.0
1016,"Schenectady, NY",NY,42.814476,-73.94337,3,14.0,26.0,32.0
1017,"Schertz, TX",TX,29.577359,-98.2787,3,63.0,84.0,43.0
1018,"Scottsdale, AZ",AZ,33.798581,-111.8708,54,131.0,154.0,43.0
1019,"Seattle, WA",WA,47.585770000000004,-122.30081000000001,148,8.0,15.0,28.0
1020,"Secaucus, NJ",NJ,40.7885,-74.06,28,10.0,19.0,27.0
1021,"Sellersburg, IN",IN,38.387722,-85.75936,3,200.0,224.0,44.0
1022,"Sevierville, TN",TN,35.854211,-83.613849,3,152.0,188.0,44.0
1023,"Sewickley, PA",PA,40.434436,-80.024817,9,90.0,114.0,34.0
1024,"Shakopee, MN",MN,44.776138,-93.52556,6,11.0,17.0,37.0
1025,"Shawnee, OK",OK,35.327341,-96.93544,2,185.0,212.0,31.0
1026,"Shelton, CT",CT,41.306396,-73.1292,20,24.0,36.0,36.0
1027,"Shepherdsville, KY",KY,37.997938,-85.69667,12,202.0,228.0,44.0
1028,"Shippenville, PA",PA,41.255691,-79.45121999999999,2,159.0,206.0,44.0
1029,"Shreveport, LA",LA,32.607556,-93.75256,54,8.0,15.0,31.0
1030,"Sierra Madre, CA",CA,34.164806,-118.0509,6,25.0,38.0,38.0
1031,"Sierra Vista, AZ",AZ,31.562546,-110.24288,2,277.0,301.0,53.0
1032,"Sikeston, MO",MO,36.891163,-89.58355,2,240.0,272.0,40.0
1033,"Siler City, NC",NC,35.729692,-79.44984000000001,2,84.0,109.0,41.0
1034,"Silver Spring, MD",MD,39.143978999999995,-77.207617,14,18.0,30.0,32.0
1035,"Simi Valley, CA",CA,34.032383,-119.1343,13,23.0,33.0,39.0
1036,"Sioux City, IA",IA,42.466291999999996,-96.35291,17,199.0,241.0,33.0
1037,"Sioux Falls, SD",SD,43.674582,-96.79134,14,3.0,7.0,24.0
1038,"Skokie, IL",IL,42.03618,-87.7321,24,127.0,147.0,35.0
1039,"Slidell, LA",LA,30.269565000000004,-89.77587,6,34.0,47.0,43.0
1040,"Sloatsburg, NY",NY,41.156095,-74.19214000000001,5,27.0,38.0,40.0
1041,"Smithville, TN",TN,35.922583,-85.80108,2,262.0,310.0,48.0
1042,"Smyrna, GA",GA,33.859137,-84.53744,18,95.0,114.0,37.0
1043,"Snellville, GA",GA,33.822204,-84.03707,3,102.0,127.0,39.0
1044,"Soldotna, AK",AK,60.489536,-151.02091000000001,2,256.0,448.0,30.0
1045,"Solon, OH",OH,41.388387,-81.44365,15,129.0,152.0,36.0
1046,"Somersworth, NH",NH,43.253783,-70.87549,2,49.0,68.0,44.0
1047,"South Bend, IN",IN,41.626588,-86.24804,25,200.0,229.0,32.0
1048,"South Deerfield, MA",MA,42.472734,-72.62451999999999,2,64.0,80.0,47.0
1049,"South El Monte, CA",CA,34.050509999999996,-118.04834,42,18.0,27.0,36.0
1050,"South Elgin, IL",IL,41.99215,-88.30609,5,159.0,182.0,34.0
1051,"South Fulton, TN",TN,36.483302,-88.87895,2,257.0,296.0,49.0
1052,"South Gate, CA",CA,33.944264000000004,-118.1949,7,12.0,19.0,33.0
1053,"South Hackensack, NJ",NJ,40.863699,-74.04643,28,15.0,25.0,32.0
1054,"South Holland, IL",IL,41.597471999999996,-87.59909,15,145.0,167.0,33.0
1055,"South Houston, TX",TX,29.662229999999997,-95.23106,10,12.0,20.0,32.0
1056,"South Milwaukee, WI",WI,42.909816,-87.86395,6,266.0,300.0,39.0
1057,"South Plainfield, NJ",NJ,40.580703,-74.41401,12,15.0,27.0,29.0
1058,"South Portland, ME",ME,43.631549,-70.27271999999999,3,16.0,24.0,35.0
1059,"South Saint Paul, MN",MN,44.887966,-93.04545999999999,4,7.0,12.0,30.0
1060,"South San Francisco, CA",CA,37.381144,-122.334825,5,14.0,23.0,31.0
1061,"South Sioux City, NE",NE,42.467095,-96.4187,3,281.0,339.0,38.0
1062,"South Whitley, IN",IN,41.080236,-85.62796,3,216.0,258.0,43.0
1063,"South Windsor, CT",CT,41.836665,-72.56076,6,34.0,51.0,34.0
1064,"South Yarmouth, MA",MA,41.670981,-70.19797,4,32.0,90.0,29.0
1065,"Southborough, MA",MA,42.297643,-71.53369,1,2.0,6.0,20.0
1066,"Southfield, MI",MI,42.660090999999994,-83.3863,8,146.0,173.0,37.0
1067,"Southington, CT",CT,41.612297999999996,-72.87103,8,43.0,63.0,40.0
1068,"Spanish Fork, UT",UT,40.10637,-111.65408000000001,4,353.0,375.0,53.0
1069,"Spartanburg, SC",SC,34.916625,-81.863874,25,72.0,86.0,38.0
1070,"Spirit Lake, IA",IA,43.428983,-95.10892,1,23.0,35.0,39.0
1071,"Spokane, WA",WA,47.693740999999996,-117.38828999999998,51,101.0,117.0,37.0
1072,"Spring, TX",TX,30.056394,-95.38961,15,19.0,26.0,41.0
1073,"Springdale, AR",AR,35.99403,-94.219977,12,118.0,162.0,34.0
1074,"Springfield, MO",MO,37.168434999999995,-93.31296999999999,55,146.0,182.0,33.0
1075,"Stamford, CT",CT,41.096846,-73.52128,21,22.0,35.0,34.0
1076,"Startex, SC",SC,34.935828,-82.09514,3,71.0,88.0,32.0
1077,"Staten Island, NY",NY,40.551353000000006,-74.15098,35,13.0,24.0,31.0
1078,"Statesville, NC",NC,35.529792,-80.947028,8,130.0,161.0,44.0
1079,"Statham, GA",GA,33.957713,-83.58491,4,130.0,160.0,47.0
1080,"Stayton, OR",OR,44.798379,-122.7601,2,41.0,55.0,43.0
1081,"Sterling Heights, MI",MI,42.558151,-83.00446,54,174.0,204.0,38.0
1082,"Stevens Point, WI",WI,44.524054,-89.55621,4,13.0,18.0,33.0
1083,"Stockbridge, GA",GA,33.547578,-84.21809,9,86.0,101.0,41.0
1084,"Stone Mountain, GA",GA,33.891251000000004,-84.07455999999999,9,96.0,114.0,40.0
1085,"Stony Point, NY",NY,41.231408,-74.01156999999999,6,32.0,48.0,40.0
1086,"Story City, IA",IA,42.186442,-93.59867,2,408.0,492.0,45.0
1087,"Stow, OH",OH,41.174256,-81.43744000000001,2,27.0,30.0,54.0
1088,"Stratford, CT",CT,41.175947,-73.13515,9,20.0,31.0,33.0
1089,"Stratham, NH",NH,43.015756,-70.90191999999999,3,40.0,55.0,43.0
1090,"Streetsboro, OH",OH,41.249404999999996,-81.34404,8,107.0,127.0,43.0
1091,"Strongsville, OH",OH,41.312752,-81.83197,6,130.0,154.0,35.0
1092,"Sturbridge, MA",MA,42.104581,-72.08584,2,44.0,59.0,41.0
1093,"Sturtevant, WI",WI,42.699169,-87.91691999999999,3,266.0,297.0,46.0
1094,"Suffern, NY",NY,41.125695,-74.12682,14,24.0,34.0,38.0
1095,"Sugar Land, TX",TX,29.627737,-95.62444,14,28.0,40.0,42.0
1096,"Sumter, SC",SC,33.916418,-80.35738,4,70.0,87.0,47.0
1097,"Sun Prairie, WI",WI,43.069559999999996,-89.423861,3,289.0,323.0,40.0
1098,"Surprise, AZ",AZ,33.643508000000004,-112.38502,9,132.0,158.0,40.0
1099,"Sussex, WI",WI,43.14004,-88.22641,9,283.0,323.0,43.0
1100,"Suwanee, GA",GA,34.052698,-84.07485,8,141.0,160.0,41.0
1101,"Swedesboro, NJ",NJ,39.753088,-75.32687,8,15.0,24.0,38.0
1102,"Sykesville, MD",MD,39.39667,-76.965,6,33.0,49.0,40.0
1103,"Sylmar, CA",CA,34.307877000000005,-118.42903999999999,6,16.0,20.0,40.0
1104,"Syosset, NY",NY,40.815215,-73.50057,12,19.0,29.0,36.0
1105,"Syracuse, NY",NY,43.074566,-76.14747,4,39.0,50.0,36.0
1106,"Tacoma, WA",WA,47.066193,-122.113223,38,11.0,18.0,34.0
1107,"Tallahassee, FL",FL,30.479346999999997,-84.346204,6,47.0,71.0,35.0
1108,"Tallmadge, OH",OH,41.093156,-81.42692,4,102.0,122.0,41.0
1109,"Tampa, FL",FL,28.005446000000003,-82.57776,72,11.0,22.0,31.0
1110,"Tavares, FL",FL,28.799017,-81.73184,6,53.0,74.0,42.0
1111,"Tea, SD",SD,43.450592,-96.84498,6,11.0,18.0,36.0
1112,"Temecula, CA",CA,33.495343,-117.07656999999999,15,42.0,57.0,43.0
1113,"Tempe, AZ",AZ,33.276539,-112.18717,135,127.0,145.0,40.0
1114,"Temple Hills, MD",MD,38.833563,-76.87774300000001,14,22.0,37.0,35.0
1115,"Terre Haute, IN",IN,39.433602,-87.410094,2,353.0,401.0,35.0
1116,"Terrebonne, OR",OR,44.384155,-121.20181000000001,3,88.0,130.0,37.0
1117,"Teterboro, NJ",NJ,40.853722999999995,-74.05986999999999,6,14.0,24.0,32.0
1118,"Texarkana, TX",TX,33.476552000000005,-94.39495,3,45.0,59.0,42.0
1119,"Texas City, TX",TX,29.395283000000003,-94.91759,4,19.0,28.0,39.0
1120,"The Dalles, OR",OR,45.594257,-121.18943999999999,2,47.0,62.0,41.0
1121,"Theodore, AL",AL,30.533744,-88.16865,6,14.0,24.0,35.0
1122,"Thousand Palms, CA",CA,33.821318,-116.38023000000001,3,66.0,87.0,40.0
1123,"Tiffin, OH",OH,41.120709999999995,-83.17658,2,240.0,276.0,46.0
1124,"Tifton, GA",GA,31.485438000000002,-83.503621,4,77.0,98.0,44.0
1125,"Tinley Park, IL",IL,41.5738,-87.80389,5,154.0,179.0,37.0
1126,"Tipp City, OH",OH,39.954239,-84.17685,6,180.0,209.0,40.0
1127,"Titusville, FL",FL,28.306726,-80.686159,3,31.0,44.0,43.0
1128,"Toledo, OH",OH,41.686778000000004,-83.43943,33,165.0,188.0,38.0
1129,"Tolleson, AZ",AZ,33.426423,-112.28298999999998,9,124.0,143.0,41.0
1130,"Toms River, NJ",NJ,40.000759,-74.24928,10,44.0,63.0,42.0
1131,"Tooele, UT",UT,40.560528000000005,-112.29455,3,261.0,283.0,47.0
1132,"Topeka, KS",KS,39.042939000000004,-95.769657,32,292.0,352.0,38.0
1133,"Topsfield, MA",MA,42.642471,-70.94424000000001,5,16.0,29.0,33.0
1134,"Torrance, CA",CA,33.833416,-118.29198000000001,20,15.0,24.0,36.0
1135,"Totowa, NJ",NJ,40.903348,-74.21763,11,14.0,23.0,34.0
1136,"Tracy, CA",CA,37.889849,-121.253872,3,27.0,36.0,40.0
1137,"Trappe, MD",MD,38.662533,-76.07009000000001,2,45.0,69.0,38.0
1138,"Traverse City, MI",MI,44.735559,-85.54511,18,279.0,327.0,37.0
1139,"Trenton, NJ",NJ,40.219358,-74.73334,3,5.0,11.0,25.0
1140,"Troutdale, OR",OR,45.529551,-122.39156000000001,9,10.0,17.0,32.0
1141,"Troy, NY",NY,42.743289000000004,-73.69481999999999,3,7.0,15.0,28.0
1142,"Trussville, AL",AL,33.623484999999995,-86.58546,6,97.0,110.0,46.0
1143,"Tualatin, OR",OR,45.373991,-122.77127,29,13.0,24.0,30.0
1144,"Tucker, GA",GA,33.853853,-84.22036,21,96.0,114.0,40.0
1145,"Tucson, AZ",AZ,31.979764000000003,-111.29398,124,141.0,154.0,38.0
1146,"Tulsa, OK",OK,36.096296,-95.8847,97,122.0,145.0,36.0
1147,"Tumwater, WA",WA,46.985519000000004,-122.90764899999999,4,31.0,41.0,46.0
1148,"Turlock, CA",CA,37.60396,-120.93705200000001,2,59.0,78.0,40.0
1149,"Tuscaloosa, AL",AL,33.306606,-87.453224,8,106.0,139.0,40.0
1150,"Twin Falls, ID",ID,42.456272999999996,-114.51953600000002,6,233.0,254.0,45.0
1151,"Twinsburg, OH",OH,41.314655,-81.44440999999999,20,104.0,124.0,39.0
1152,"Tyler, TX",TX,32.411237,-95.28990300000001,10,57.0,68.0,46.0
1153,"Ukiah, CA",CA,39.154946,-123.20088,2,117.0,152.0,46.0
1154,"Uniontown, PA",PA,39.89822,-79.7311,2,122.0,146.0,47.0
1155,"Upland, CA",CA,34.839964,-115.967051,24,13.0,19.0,31.0
1156,"Upper Marlboro, MD",MD,38.833563,-76.87774300000001,23,23.0,36.0,38.0
1157,"Urbandale, IA",IA,41.625788,-93.80235,15,253.0,308.0,34.0
1158,"Vacaville, CA",CA,38.380528000000005,-121.99192,3,34.0,47.0,42.0
1159,"Valdosta, GA",GA,30.802411,-83.19624,21,57.0,67.0,44.0
1160,"Valencia, CA",CA,34.445313,-118.55252,19,26.0,36.0,39.0
1161,"Valley Center, KS",KS,37.853935,-97.33059,6,195.0,222.0,46.0
1162,"Valley Cottage, NY",NY,41.119788,-73.94455,6,26.0,42.0,35.0
1163,"Valley Stream, NY",NY,40.754757,-73.601772,1,1.0,3.0,22.0
1164,"Valparaiso, IN",IN,41.490545000000004,-87.076094,8,345.0,386.0,48.0
1165,"Van Nuys, CA",CA,34.178305,-118.45858,39,16.0,23.0,36.0
1166,"Vancouver, WA",WA,45.681271,-122.66712,25,8.0,16.0,30.0
1167,"Vandergrift, PA",PA,40.612649,-79.56708,2,132.0,162.0,41.0
1168,"Ventura, CA",CA,34.032383,-119.1343,2,5.0,10.0,31.0
1169,"Vernal, UT",UT,40.160179,-109.547839,2,473.0,551.0,48.0
1170,"Vernon Hills, IL",IL,42.229856,-87.96779000000001,5,158.0,182.0,36.0
1171,"Viborg, SD",SD,43.194321,-97.13077,1,26.0,41.0,38.0
1172,"Victoria, TX",TX,28.737084999999997,-97.0146,2,64.0,78.0,49.0
1173,"Victorville, CA",CA,34.489466,-117.35321,3,46.0,57.0,43.0
1174,"Vineland, NJ",NJ,39.271264,-75.027671,4,28.0,42.0,34.0
1175,"Visalia, CA",CA,36.126621,-118.81936499999999,6,108.0,130.0,49.0
1176,"Vista, CA",CA,33.213309,-117.21473999999999,11,26.0,39.0,36.0
1177,"Voorhees, NJ",NJ,39.851969,-74.96128,3,11.0,18.0,34.0
1178,"Wabasha, MN",MN,44.374261,-92.04204,1,31.0,45.0,42.0
1179,"Wagoner, OK",OK,35.961019,-95.3611,2,197.0,233.0,50.0
1180,"Wahpeton, ND",ND,46.271839,-96.608142,1,3.0,6.0,33.0
1181,"Wailuku, HI",HI,20.889294,-156.50497,9,19.0,35.0,30.0
1182,"Waipahu, HI",HI,21.403487,-158.01389,18,13.0,21.0,38.0
1183,"Wake Forest, NC",NC,35.973108,-78.450754,3,57.0,73.0,40.0
1184,"Waldwick, NJ",NJ,41.013109,-74.12231,6,22.0,33.0,36.0
1185,"Walker, MN",MN,47.099774,-94.53347,1,62.0,91.0,41.0
1186,"Wallington, NJ",NJ,40.852931,-74.10925,6,16.0,25.0,35.0
1187,"Walpole, MA",MA,42.145237,-71.25375,2,15.0,24.0,32.0
1188,"Walterboro, SC",SC,32.89989,-80.67195,6,38.0,60.0,38.0
1189,"Waltham, MA",MA,42.388938,-71.2398,10,10.0,18.0,31.0
1190,"Wampum, PA",PA,40.889241,-80.34189,3,110.0,133.0,43.0
1191,"Wanatah, IN",IN,41.420078000000004,-86.88131,2,341.0,379.0,50.0
1192,"Ware, MA",MA,42.270610999999995,-72.26066999999999,2,44.0,63.0,34.0
1193,"Warminster, PA",PA,40.328645,-75.10278000000001,28,21.0,38.0,34.0
1194,"Warner Robins, GA",GA,32.594698,-83.64873,3,62.0,76.0,39.0
1195,"Warrington, PA",PA,40.240295,-75.13458,8,22.0,36.0,35.0
1196,"Warwick, RI",RI,41.705478,-71.45119,22,12.0,23.0,30.0
1197,"Washington Court House, OH",OH,39.533002,-83.43905,2,235.0,266.0,36.0
1198,"Waterbury, CT",CT,41.365709,-72.92750699999999,20,29.0,40.0,36.0
1199,"Wauconda, IL",IL,42.263181,-88.14328,10,166.0,190.0,42.0
1200,"Waukegan, IL",IL,42.361271,-87.86187,15,163.0,185.0,40.0
1201,"Waukesha, WI",WI,42.967394,-88.264,3,278.0,316.0,42.0
1202,"Wausau, WI",WI,44.958382,-89.6693,4,12.0,20.0,36.0
1203,"Wellford, SC",SC,34.954729,-82.09312,3,72.0,88.0,34.0
1204,"Wenatchee, WA",WA,47.905787,-120.520211,3,57.0,82.0,38.0
1205,"Wentzville, MO",MO,38.808884,-90.85922,9,218.0,259.0,45.0
1206,"Weslaco, TX",TX,26.162609,-97.98512,8,27.0,35.0,45.0
1207,"West Babylon, NY",NY,40.922326,-72.637078,7,18.0,24.0,38.0
1208,"West Bend, WI",WI,43.446622999999995,-88.17879,4,422.0,475.0,50.0
1209,"West Bridgewater, MA",MA,42.02195,-71.01878,6,17.0,30.0,29.0
1210,"West Chester, OH",OH,39.343757000000004,-84.40249,18,191.0,224.0,38.0
1211,"West Chicago, IL",IL,41.839679,-88.088716,30,135.0,159.0,34.0
1212,"West Columbia, SC",SC,33.925183000000004,-81.248345,9,36.0,44.0,35.0
1213,"West Covina, CA",CA,34.063645,-117.89743,7,18.0,29.0,33.0
1214,"West Des Moines, IA",IA,41.570916,-93.73568,12,250.0,305.0,34.0
1215,"West Fargo, ND",ND,46.875367,-96.90503000000001,8,7.0,14.0,29.0
1216,"West Haven, CT",CT,41.272147,-72.96495999999999,7,15.0,25.0,30.0
1217,"West Jordan, UT",UT,40.627668,-111.97566,3,242.0,261.0,43.0
1218,"West Memphis, AR",AR,35.150009000000004,-90.17636,3,125.0,144.0,39.0
1219,"West Mifflin, PA",PA,40.366177,-79.89418,3,89.0,113.0,36.0
1220,"West Monroe, LA",LA,32.526944,-92.1599,6,43.0,54.0,42.0
1221,"West Nyack, NY",NY,41.160945,-74.060826,7,23.0,34.0,38.0
1222,"West Palm Beach, FL",FL,26.659344,-80.12704000000001,24,12.0,19.0,31.0
1223,"West Sacramento, CA",CA,38.592155,-121.52805,9,31.0,43.0,35.0
1224,"West Unity, OH",OH,41.586794,-84.43574,2,272.0,312.0,45.0
1225,"West Warren, MA",MA,42.210777,-72.23904,3,43.0,65.0,36.0
1226,"Westborough, MA",MA,42.269845000000004,-71.61408,18,15.0,25.0,30.0
1227,"Westbrook, ME",ME,44.408078,-70.470703,3,15.0,24.0,33.0
1228,"Westbury, NY",NY,40.754757,-73.601772,28,19.0,29.0,37.0
1229,"Westchester, IL",IL,41.851257000000004,-87.88351,6,124.0,142.0,31.0
1230,"Westerville, OH",OH,40.109513,-82.91606,12,145.0,171.0,41.0
1231,"Westland, MI",MI,42.335937,-83.37799999999999,12,142.0,165.0,39.0
1232,"Westmont, IL",IL,41.795358,-87.97778000000001,6,127.0,148.0,32.0
1233,"Weymouth, MA",MA,42.212866,-70.95872,3,8.0,15.0,31.0
1234,"Wheat Ridge, CO",CO,39.774341,-105.10036000000001,4,21.0,34.0,36.0
1235,"Wheeling, IL",IL,42.131526,-87.92958,35,113.0,133.0,34.0
1236,"White Pigeon, MI",MI,41.792628,-85.67233,2,301.0,336.0,48.0
1237,"White Plains, NY",NY,41.041191,-73.80953000000001,2,2.0,5.0,24.0
1238,"Whitewater, WI",WI,42.818746999999995,-88.73279000000001,2,411.0,466.0,43.0
1239,"Whitinsville, MA",MA,42.114195,-71.67225,9,31.0,43.0,39.0
1240,"Whitsett, NC",NC,36.050652,-79.59483,6,75.0,92.0,42.0
1241,"Whittier, CA",CA,33.786594,-118.29866200000001,14,15.0,23.0,36.0
1242,"Wichita Falls, TX",TX,33.931024,-98.499077,3,130.0,148.0,42.0
1243,"Wichita, KS",KS,37.686992,-97.33362,149,178.0,204.0,38.0
1244,"Wilkes Barre, PA",PA,41.243181,-75.88438000000001,12,43.0,59.0,34.0
1245,"Williston, SC",SC,33.405947999999995,-81.42936,2,72.0,96.0,44.0
1246,"Willmar, MN",MN,45.118846000000005,-95.04504,1,15.0,20.0,45.0
1247,"Wilmington, DE",DE,39.564499,-75.597047,52,10.0,17.0,30.0
1248,"Wind Gap, PA",PA,40.835128000000005,-75.30274,3,37.0,52.0,39.0
1249,"Winsted, MN",MN,44.960829,-94.05525,1,14.0,23.0,37.0
1250,"Winter Haven, FL",FL,28.029402,-81.732139,2,33.0,50.0,37.0
1251,"Winter Park, FL",FL,28.566338,-81.260818,4,24.0,37.0,35.0
1252,"Wisconsin Dells, WI",WI,43.645603,-89.78104,1,47.0,71.0,40.0
1253,"Wixom, MI",MI,42.532251,-83.53378000000001,76,151.0,172.0,43.0
1254,"Woburn, MA",MA,42.446396,-71.459405,20,7.0,12.0,28.0
1255,"Wood Dale, IL",IL,41.962979,-87.97688000000001,6,128.0,148.0,31.0
1256,"Woodinville, WA",WA,47.758786,-122.10205,24,19.0,31.0,35.0
1257,"Woods Cross, UT",UT,40.888711,-111.90908999999999,6,128.0,137.0,35.0
1258,"Woodway, TX",TX,31.514066999999997,-97.23546,6,73.0,89.0,40.0
1259,"Wrentham, MA",MA,42.0597,-71.34617,8,15.0,24.0,34.0
1260,"Wyandanch, NY",NY,40.752098,-73.36516,6,21.0,28.0,38.0
1261,"Wyandotte, MI",MI,42.199989,-83.17402,4,138.0,162.0,36.0
1262,"Yakima, WA",WA,46.628757,-120.573967,12,69.0,83.0,43.0
1263,"Yaphank, NY",NY,40.832858,-72.91611,5,21.0,30.0,37.0
1264,"Yellow Springs, OH",OH,39.797227,-83.89239,3,181.0,214.0,42.0
1265,"Yonkers, NY",NY,40.943525,-73.88176,41,16.0,23.0,38.0
1266,"Yorba Linda, CA",CA,33.640302,-117.769442,5,19.0,26.0,41.0
1267,"York, PA",PA,39.972984999999994,-76.687826,12,30.0,44.0,36.0
1268,"Youngstown, OH",OH,41.016159,-80.61549000000001,12,110.0,130.0,41.0
1269,"Ypsilanti, MI",MI,42.247039,-83.58215,9,182.0,207.0,42.0
1270,"Yuba City, CA",CA,39.109272,-121.68033,3,58.0,77.0,44.0
1271,"Zephyrhills, FL",FL,28.266579999999998,-82.34222,3,31.0,46.0,41.0
1272,"Zion, IL",IL,42.451371,-87.84862,3,260.0,295.0,40.0
